max_value,0.9683769958146023,0.9967488021902806,0.9945753517545347,1.0,1.0,0.9978597722797705,0.9987044865675713,0.9974672857745884,1.0,0.9959497088853261,1.0,0.9649160110567723,0.9996818495148205,0.9946853781703326,1.0,0.9958618704345635,0.9440834214901013,0.9563686466625843,0.8611494252873564,0.7917707567964731,0.6429398893036427,0.6351133688514434
index_set,9,19,13,19,0,0,5,19,5,0,5,29,33,73,33,73,60,13,57,99,129,64
mean_value,0.663147971585678,0.6907140103828504,0.6827269740943143,0.6576750117004564,0.722167731710225,0.6933922582607491,0.6668028317011195,0.7146546683263031,0.6698317252615786,0.5267524122787076,0.39197759040890046,0.6680384045783845,0.7082329144142028,0.6629367733676864,0.6616201881008821,0.6634842838447598,0.6723149573779523,0.6333939916057695,0.5337131104690953,0.43178121099995953,0.373458786028482,0.34569431926505445

experiment,D05_CE,D10_CE,D15_CE,D20_CE,D25_CE,D50_CE,D75_CE,N10_CE,N30_CE,N50_CE,N70_CE,S1500_CE,S2500_CE,S3500_CE,S4500_CE,S5500_CE,i05_CE,i06_CE,i07_CE,i08_CE,i09_CE,i10_CE,a_t,lp,dsbeta,age_wins,e_b,e_n,epsilon_ds,minwd,epochs
0,0.7718406593406594,0.8895893678650537,0.7888642942278222,0.8929645219482862,1.0,0.9978597722797705,0.6723358841027272,0.8885315277190012,0.9994910941475827,0.9959497088853261,0.9992399932443844,0.8265297707405574,0.9849632022025732,0.89189600121636,0.8610074892502206,0.8571859553038917,0.7345098039215686,0.41551904264412576,0.5664544627777056,0.38123515439429934,0.4323149855148801,0.3253343823760818,0.994157,0.00875338,0.224858,30,0.00504655,0.0458964,0.410341,4,1.40621
1,0.4151895282247069,0.4332143388368288,0.43196878221175083,0.43266620122566135,0.373164820383976,0.3900493250433351,0.3574356972033774,0.3683381915109192,0.37733553210906357,0.396346479961047,0.48975543879639594,0.37457085760158504,0.32116999710396754,0.3432270864332889,0.3690019193857965,0.4040784542755633,0.3879299071531319,0.3614104444302748,0.39892652498730685,0.27125247493134064,0.2511832087248782,0.3224222585924713,0.738029,0.00466335,0.992091,0.00354628,0.0511703,69,0.00978365,0.014475,0.464042
2,0.7166254635352287,0.5539945836154367,0.39871656539269695,0.2713351686166552,0.44719124047878134,0.5349790929559344,0.5970379884007947,0.47253491324587393,0.0,0.0,0.0,0.4020082797498459,0.34569339972454705,0.3459081229084271,0.3467904007565906,0.4284509959775513,0.5199808184143222,0.6873005743458839,0.4777760569924113,0.28614032334013495,0.006057707635899856,0.07664058757783809,13,1.44676,0.143951,0.00674522,0.99686,0.0476075,0.147322,64,0.00796646
3,0.7571755828055518,0.8053366514585926,0.8272549113331102,0.9764527794130015,0.9940844403880608,0.8613088062880827,0.8962244828292483,0.8927817644575771,0.9413476696713691,0.9875334672021419,0.8270934999024009,0.8583170917718838,0.9721975437679644,0.8704933586337761,0.9924326861031266,0.8417946775045348,0.8717555121406643,0.6439709558385907,0.5372692044677456,0.5053344040380865,0.3227772135536885,0.34181636726546905,0.0338809,0.207182,95,2.25981,0.459163,0.0018037,0.983979,0.0159063,0.260987
4,0.26640794916627575,0.2636522053997782,0.2768323372129601,0.24558991497102245,0.23418860592160795,0.2391356976090534,0.21989686001035902,0.22285935245352773,0.2559346697652195,0.34044332915098285,0.3962492544121259,0.242990854376834,0.22818930041152263,0.21490068525336392,0.21703516975516512,0.20867724974112012,0.273871109162648,0.2956879822028684,0.29324504670978335,0.24888474925241433,0.30237960695674015,0.2118050147952032,7,0.00359776,0.0353935,0.318001,63,0.784331,0.448631,0.00974058,0.993934
5,0.5344548997243608,0.7826053581024027,0.9568881156898988,0.9974229018125591,1.0,0.9978597722797705,0.9987044865675713,0.8603156524568825,1.0,0.9959497088853261,1.0,0.8468655425853869,0.9986228084114624,0.9029599615411029,0.9813840789551445,0.8893838337627314,0.6720996038483305,0.685993883792049,0.32542438271604934,0.3926568077511474,0.3701058852499385,0.24196645755985147,0.00128995,0.0557634,53,0.00400517,0.0281593,0.455237,84,2.2117,0.109188
6,0.85720823798627,0.9010558310670292,0.8877447670492911,0.7734074390765284,0.9974561611776278,0.9978597722797705,0.7162704960003641,0.8815667033245919,0.9600101669067186,0.8768404129294297,0.9981863427390443,0.8584459168746235,0.8900936161210133,0.8914893617021277,0.8918647867382455,0.8754601669834701,0.7852422907488987,0.6933778519755147,0.6117450955250674,0.47005444646098005,0.43075381918357125,0.45369744491009867,0.00781392,0.995322,0.00603057,0.0549116,15,0.00302569,0.0464459,0.299975,78
7,0.5725056546871072,0.43610466511962875,0.5049112801013942,0.3146048613144794,0.4757679863913812,0.5586533826128877,0.547094520044134,0.5963715114616108,0.22880187220527393,0.011886697015680348,0.0,0.2986188876446435,0.3586192369467337,0.419087996985114,3.1024243230071136E-4,0.34881320949432404,0.5148346303501945,0.4156479217603912,0.525746589652206,0.3689670076357874,0.31881982240045836,0.269609944277754,1.95031,0.761355,0.00129414,0.990274,0.0174002,0.157951,64,0.00459508,0.0266583
8,0.5327617881200245,0.49101034906156815,0.6273133976924888,0.5498673991286229,0.4895947790763493,0.6250383418780947,0.5623634506259834,0.48838458994709,0.5909148264984228,0.6055615412241547,0.6337661618538719,0.5222657295036117,0.532747214983247,0.4984078847611827,0.4874520990002017,0.5253694695084521,0.6947014297729184,0.4747207281754241,0.4542578659370725,0.4354156499105255,0.25198880377136124,0.355630747874371,0.219555,74,1.17264,0.438149,0.0021795,0.986057,0.0412091,0.145943,57
9,0.9683769958146023,0.8941912268677176,0.7892674616695059,0.8952717250882783,0.9234902067464635,0.8842656142759094,0.8962244828292483,0.8832416419805332,0.664714867617108,0.893586376344997,0.8092622327389504,0.8565297363580625,0.8920939604432897,0.8679076665652571,0.861363150772737,0.8588875773853973,0.8858584266120132,0.7962667517549458,0.794501612655506,0.39675240695502223,0.49190592547342704,0.14363183350432362,0.00255297,0.0120362,0.297269,27,2.90688,0.487483,0.00347156,0.988655,0.00490112
10,0.8624712202609364,0.8794003705575206,0.7892048356887451,0.890974543584469,0.8782989708230019,0.9721770396370174,0.8964271103231966,0.8880805346417393,0.9668573850392033,0.7338812166398374,0.0,0.86637076618116,0.8912249112958746,0.8652121027824236,0.872439341165358,0.8821010081566854,0.9291982745798006,0.7885921946595038,0.8091776465243071,0.6067313523347484,0.4656309541257512,0.3761519920601163,0.209305,1,0.00601551,0.0491529,0.294389,68,2.1381,0.499537,0.000183626
11,0.3576897570386447,0.4205361971722167,0.47449718889468495,0.4249990005197297,0.39251671646037845,0.33151104835692646,0.388229289397488,0.37354502508157605,0.33447815844001016,0.3920741429710337,0.41472005607640405,0.33700580270793035,0.36727935088590824,0.29448713045695285,0.2966027779117012,0.26989529391495437,0.37426370638876305,0.3611947636900006,0.31148259797204714,0.3206441333788551,0.3074133763094279,0.29288821103767726,0.997939,0.0208783,0.0684621,20,0.00802535,0.037806,0.111389,8,1.20415
12,0.6629825889477668,0.6988847583643123,0.621414805577599,0.48596387074887626,0.5239438534479829,0.4809540150995195,0.6381511572335632,0.687156506299146,0.6412084181941615,0.0,0.0,0.5911906984638886,0.6920712317150731,0.5254192174607399,0.6263309458760984,0.5038720538720538,0.8337549184935357,0.7362421383647799,0.7666864431919311,0.23851067144415017,0.14482865560552027,0.32511579261915435,0.79869,0.000426314,0.99167,0.0367654,0.176292,33,0.00540238,0.0131259,0.401899
13,0.8749299719887955,0.9960670314637483,0.9945753517545347,0.9989675643121397,1.0,0.724691146190803,0.9987044865675713,0.8950486669487939,0.794806517311609,0.8148054145516075,0.8912363728555734,0.8442101594493334,0.9025324333381205,0.8564040158198966,0.8936044449698546,0.8810905850333582,0.7400237060450414,0.9563686466625843,0.6872531985468331,0.5296846011131726,0.4684250188394876,0.3907203907203908,23,1.33478,0.6391,0.00417448,0.983391,0.0050302,0.131077,29,0.00820754
14,0.8342984409799554,0.8145226093944042,0.7448176120842038,0.7555423426484329,0.9779804120229653,0.8949897048730268,0.7938144329896908,0.8811194723936755,0.8555720025375344,0.8330248990578735,0.7263765429498252,0.9633183323427019,0.8855970109982634,0.870691618584877,0.8509512552065743,0.8868214448632686,0.8234173505275498,0.8357875948237394,0.6312888637648388,0.5428983417447729,0.49659348978046935,0.37122724603640633,0.0465388,0.261222,25,1.83105,0.0971776,0.00326327,0.988148,0.0434326,0.022835
15,0.6068154643284177,0.7202959150852364,0.737504971496752,0.7163498587207808,0.8283243669549052,0.8094127193427325,0.6007286269430052,0.8061365815547428,0.8478546317082468,0.893586376344997,0.8782430966880788,0.7233326736592123,0.8316643874895231,0.6735263108726695,0.7196402463337912,0.7504012351949292,0.606996910196352,0.6485484867201976,0.7475592747559274,0.3704622322435175,0.49139297848244623,0.23376796168174563,24,0.00033656,0.0381272,0.442966,28,1.3129,0.11202,0.00816949,0.996756
16,0.37467634985790965,0.4800769196368677,0.4895091164095372,0.48414623192311146,0.4960194305761706,0.3974250565996563,0.38926711658745294,0.4811666701994616,0.4551404853128991,0.44840139284583724,0.47290824397960973,0.41914336499684635,0.4161075306789088,0.4046595324542964,0.43802923251173076,0.37350093647791127,0.4461573168897579,0.5736801392380584,0.39275006813845736,0.36368868708831614,0.36707412967331476,0.3041318156090812,0.0295673,0.0304793,3,0.00682266,0.0460427,0.421447,54,0.348555,0.196669
17,0.7736784994574485,0.8603444014171542,0.8817907444668008,0.8814551004833375,0.8934367905668689,0.8949897048730268,0.8186963043774718,0.8941405259152786,0.9714454926181311,0.7335830947971038,0.0,0.8649133293484758,0.8801833605564044,0.870691618584877,0.8774157435776573,0.8803217673190059,0.8402871242709735,0.6686262376237624,0.7066706372840976,0.5001468428781204,0.4575289575289575,0.5080324244657333,0.00607715,0.985466,0.0215461,0.168465,45,0.00951325,0.0175293,0.343789,85
18,0.6899949469429005,0.8952331961591221,0.8040018906570033,0.6613700044241262,0.8144912964243072,0.6869943995021779,0.6032143910350929,0.8798137960220059,0.3816191446028513,0.10302465474879263,0.1886250316910335,0.7550477656856913,0.8647366500425739,0.7152697071912469,0.5979690513404079,0.7506530985636547,0.6578246392896782,0.7180228736689891,0.6333760136577038,0.2901341752170481,0.29580269607843135,0.08916001877053026,0.502812,0.233762,0.00636543,0.997038,0.0155088,0.282366,68,0.00347565,0.0241416
19,0.7998559077809798,0.9967488021902806,0.9449991632732749,1.0,1.0,0.8876973232669869,0.895995272512387,0.9974672857745884,1.0,0.8614015027768703,1.0,0.861725373656149,0.9993639014047178,0.959918230269402,0.861363150772737,0.8438175353798247,0.7684182015167931,0.4615749525616698,0.4939615129396151,0.3756868131868132,0.40259555048488305,0.24365262550490474,0.162893,67,2.27297,0.563776,0.00516029,0.986848,0.00926908,0.267358,59
20,0.7400652431791221,0.7260969334538627,0.8541401273885351,0.8231707317073171,0.9899017099771106,0.9978597722797705,0.9987044865675713,0.8927817644575771,0.8845735331045451,0.8259848069543425,0.8588017563595457,0.7642803315749811,0.9826948136565025,0.8892594557720003,0.9829638511932616,0.8849305222807858,0.7907402195327892,0.4334258558331231,0.3878777322999216,0.40784723541706247,0.2564028150620329,0.2645233168868375,0.00345737,0.0163584,0.348905,70,2.77653,0.306547,0.00115011,0.986434,0.042383
21,0.7958858236325945,0.8933949349760438,0.7896081771720613,0.7919214537938162,0.717423830250272,0.7374279637760702,0.7159827951116269,0.8885315277190012,0.7026900882552614,0.5018211079112316,0.0,0.8515331527911243,0.8920752716671084,0.8722809552783694,0.8666509043622177,0.8764724303230313,0.795505259802359,0.8816883728228464,0.6159744408945687,0.41210282612166693,0.39766081871345027,0.5916287819407431,0.172888,44,0.00103988,0.0421162,0.175852,64,1.70297,0.70506,0.000364678
22,0.7867276166456494,0.7780687674241784,0.7892048356887451,0.7882554650664381,0.9743728997657921,0.8893074223097337,0.7159827951116269,0.8815667033245919,0.857566765578635,0.7104973311869864,0.0,0.8729638886494873,0.8909418179893059,0.8714855623100304,0.8656002833195608,0.8754601669834701,0.8620742559067198,0.9267171042871978,0.633368918712826,0.5830061253337522,0.4327706635622818,0.5518552311435523,0.998322,0.0219796,0.234971,79,0.00056122,0.0255654,0.236246,61,1.29449
23,0.8556418455915944,0.871473877482891,0.8496416069344891,0.784623261370424,0.8748812593296241,0.8584881431384299,0.8964271103231966,0.8945943659588868,0.9526409344845099,0.8644353580913038,0.0,0.8571183091330871,0.889529044875522,0.8912861809617868,0.8645286800683841,0.8684432045022727,0.8540811673506612,0.7837625628140703,0.6491609695463021,0.572345390898483,0.41731827396466836,0.5009284387944579,0.132047,0.0090956,0.997362,0.00453285,0.0857743,86,0.00471262,0.0454367,0.395264
24,0.40810276679841895,0.37849940060644527,0.4957465277777777,0.41135896401329564,0.3580822436990715,0.4386336179962508,0.4104335222479518,0.4924825895472198,0.35695569859901555,0.46599146468462216,0.6506185720673722,0.3806364180365377,0.3879058474959878,0.40240706282909067,0.3706712611677183,0.34591585760517796,0.36775553213909373,0.4359653518505262,0.4263759557877205,0.38922675933970463,0.4317027758970887,0.3265541059094398,63,0.487245,0.341921,0.00587623,0.981242,0.00848034,0.104396,88,0.00212616
25,0.8372820742065266,0.8142545227698066,0.9304329439128826,0.822429156297664,0.9957674465851759,0.8841708757811831,0.9987044865675713,0.8871799205611426,0.9521976394940564,0.993142328242669,0.8838978065383646,0.8640279791862151,0.8855970109982634,0.870691618584877,0.8636122725398976,0.8868214448632686,0.8347942356262071,0.7021511307225593,0.6328991130820398,0.5538793103448276,0.4116276360247,0.48380046284391875,0.0303676,0.230178,6,1.26099,0.603067,0.00881436,0.997231,0.0488513,0.130123
26,0.6254493170381021,0.7110777421336427,0.9150031191515908,0.8015911918856755,0.740997910777928,0.8088265907986955,0.7360681555129689,0.7984129664021611,0.810535584395697,0.603414757839574,0.5353522554485555,0.782594535914601,0.7568310181651656,0.8102860099270828,0.7645563662038126,0.7493964170504575,0.6009987515605493,0.9212505530157794,0.7488214496169712,0.5493088988973442,0.3317307692307693,0.5073044602456367,41,0.00669543,0.0229728,0.332551,70,1.7846,0.663034,0.00714147,0.991323
27,0.85720823798627,0.8706019676504919,0.754885993485342,0.7862334330910645,0.924179286512857,0.8944439688382844,0.9240506329113924,0.8945943659588868,0.9535287638735914,0.8491902834008097,0.4236222466030889,0.8102006009908227,0.8900936161210133,0.8914893617021277,0.8915492127145132,0.8684432045022727,0.9181363903586126,0.728180700676091,0.6508627390020209,0.5573133899036387,0.5012305168170632,0.6214482126489459,0.0377226,0.144239,48,0.00639829,0.0279241,0.139216,37,0.375225,0.766485
28,0.9656824857010358,0.7901509951956074,0.7896081771720613,0.7919214537938162,0.8966267682263329,0.7663006177076184,0.8183928449511846,0.8694456199746086,0.6914035980991174,0.48682538337710757,0.0,0.8629957104088243,0.8923590858476059,0.8658541222999696,0.866828230287268,0.7862115481897237,0.8850212631910537,0.7505135092431664,0.638734297980601,0.626071768815497,0.5188428459734167,0.3830145371078807,0.00834867,0.989039,0.0374173,0.207166,81,0.00755589,0.0336914,0.45212,93
29,0.638165287567678,0.7556894243641231,0.9199289186222757,0.9703326090590005,0.9468937550689376,0.9617479124723588,0.9987044865675713,0.9074500768049155,0.9512431385211495,0.9705616314447825,0.9628544692623785,0.9649160110567723,0.9817481188325045,0.9853855954433036,0.8498629751949969,0.9952649812397358,0.6876169510181618,0.37610171940471027,0.33828370765966786,0.359349593495935,0.3219760007007094,0.24965928449744468,0.396085,0.777839,0.00947239,0.996167,0.00897158,0.180794,94,0.00835623,0.0405866
30,0.6338287679646235,0.6924221015839964,0.6459843290891283,0.5752880253703183,0.7260876065181642,0.7022995847971893,0.7627078357913323,0.5248789778589,0.030681532400033573,0.006840060800540448,0.0041313603979595825,0.6095348316284626,0.7189970795640714,0.6475245888089924,0.7485522002224052,0.5566712049012934,0.655668950090871,0.6766362660944206,0.5049764998617639,0.3528554778554779,0.2591537256019376,0.17723407429509175,0.363184,87,2.81646,0.224186,0.00559345,0.985852,0.0236687,0.233596,17
31,0.8715681712424383,0.8895893678650537,0.9927241962774958,0.8925045075985232,0.896169663188662,0.7913520933424846,0.8183928449511846,0.8950486669487939,0.8189069925322471,0.6132762856900789,0.01122173472831589,0.8560723514211886,0.8852207090244291,0.8718830773909076,0.8934460138289699,0.882483210167778,0.8710277476360254,0.8381859653830672,0.6148648648648649,0.4774816176470589,0.31329827197595794,0.37544589774078474,0.00614908,0.0431506,0.366489,92,0.560393,0.328305,0.00606496,0.990728,0.0241022
32,0.28460099750623447,0.13955653351387953,0.0,0.017827921798294732,0.13261697497279656,0.0,0.0,0.10272031137623217,0.0,0.0,0.0,0.0,0.08146596303269782,0.0,0.0,0.0,0.45219638242894056,0.2447092020692898,0.034889203206034836,0.11083163024681653,0.022727272727272707,0.0,0.0521224,49,0.000463661,0.0269188,0.339541,37,2.91766,0.51104,0.00243643
33,0.6466204326674257,0.846705221145231,0.9945753517545347,0.8966497287055378,0.9658434051497635,0.8949897048730268,0.9987044865675713,0.8950486669487939,0.8968092328581126,0.9602180279856818,1.0,0.8626301513693236,0.9996818495148205,0.959918230269402,1.0,0.8897694698046396,0.7804166666666666,0.5360824742268041,0.5629486471562672,0.6401558891454966,0.278589288064219,0.37595084844938564,0.989844,0.0293113,0.268518,92,0.0061934,0.0350073,0.243952,12,2.16029
34,0.7427735089645079,0.6003128666405945,0.5984848484848485,0.544146592932796,0.6605499470132188,0.6705800491516892,0.6280605462887526,0.5702084903290631,0.8636950097806634,0.7304499333811623,0.652620551174228,0.5030393393737814,0.5152641504277242,0.5873015873015873,0.6634639894899901,0.5232041438788388,0.5969404015722937,0.7469320562705777,0.4973386870856289,0.41193785772690106,0.3823087203474774,0.36153973784635807,0.711784,0.00652202,0.997693,0.0333525,0.179112,80,0.00869531,0.017323,0.185576
35,0.5067042102440332,0.4233847497089639,0.38243584037976563,0.15648066135222916,0.4663773673764591,0.2979999660147157,0.23410937393322861,0.22500722632861214,0.04405065407280473,0.025289955198258163,0.0,0.3414570910033705,0.1543769663961082,0.001387331572245798,0.010456651224354685,0.0024547850258113124,0.5340939961966857,0.4669037199124726,0.6177152797912439,0.3289600883855821,0.268993250035904,0.07411369193154038,49,2.62876,0.749182,0.00186132,0.985818,0.00250865,0.044259,59,0.00235575
36,0.5973084886128364,0.11719952128568989,0.25686040565876944,0.25848821736704297,0.13261697497279656,0.26336650652024707,0.131016590428074,0.0,0.0,0.0,0.0,0.0,0.13348182324397417,0.0,0.0,0.0,0.4492298019490726,0.4323524832632726,0.34749524413443245,0.07514358647096364,0.23102866779089382,0.0568743030109925,0.0488755,0.457908,75,0.685151,0.752676,0.00524283,0.980424,0.0448945,0.182556
37,0.6894820619566548,0.7592738132662684,0.6295611765327138,0.5385217051231912,0.600722074860006,0.5962510636167977,0.45976592064006916,0.7972830886991631,0.5371385842472582,0.052377352150537626,0.0,0.6585798161072338,0.632552910910781,0.6279178802301626,0.7518288839043556,0.6485568020912755,0.6594249201277955,0.7081550628808505,0.653250773993808,0.4851186196980589,0.1383535036605409,0.5821322477720321,56,0.00785184,0.0368571,0.371393,73,2.73376,0.555765,0.00400713,0.993917
38,0.4596380802517702,0.14528447610057493,0.33503778194420775,0.19522066738428423,0.44719124047878134,0.310312285518188,0.35365697723979206,0.3641933575593679,0.2063815342837746,0.0,0.0,0.23869546055531066,0.3148074435267191,0.3459081229084271,0.0,0.1594199407414545,0.4551361386138614,0.42531763247598386,0.44416601409553647,0.11701454775458575,0.10930342757858158,0.09255725190839692,0.0401768,0.120905,9,0.00485052,0.031939,0.441252,53,1.37294,0.696019
39,0.5498721227621484,0.5688156601919734,0.5508124076809453,0.5542405468916898,0.4630829235204341,0.5308853809196981,0.4485252313919905,0.5027562014532698,0.10850315637842645,7.621305783723775E-4,0.0,0.5822420321868097,0.5099797377553159,0.4654095837829233,0.4250253367213548,0.5958883784970741,0.6996973285958679,0.6104697986577181,0.5878598990798456,0.4426229508196722,0.26706276660572825,0.35333948907356105,0.00228232,0.99551,0.0394348,0.292234,36,0.00205106,0.0204603,0.431254,84
40,0.3900124671007065,0.6475136807042589,0.490310740614016,0.422112462006079,0.39677345010371057,0.47964747654070505,0.4412910798122066,0.6234893430015381,0.6053066197373764,0.6580146909386523,0.6222625698324022,0.4091683063417587,0.4443696266458246,0.48557948479476076,0.41953418094235695,0.42610438138165274,0.4506646410938093,0.5088569518716577,0.4530214127867104,0.4525194592380172,0.33975008443093546,0.3455425960030012,2.71182,0.121409,0.00284175,0.997558,0.00384346,0.283616,28,0.00629624,0.0244237
41,0.9190819479181992,0.872056121596793,0.7564465237732565,0.7862334330910645,0.9974561611776278,0.8321894303363075,0.9987044865675713,0.8945943659588868,0.9792002033381344,0.68455807653234,0.4199106841927873,0.8711619506321493,0.8900936161210133,0.8914893617021277,0.8918647867382455,0.8819736810450598,0.9190819479181992,0.7684774292272379,0.6136150234741784,0.5561591543092057,0.5546637143647938,0.4641290505164851,0.125117,19,0.799152,0.293146,0.00551533,0.98169,0.0133975,0.0948693,4
42,0.4567856098274349,0.473038817605977,0.4320030895983522,0.4755780376415655,0.5239265989666845,0.5119286040546713,0.5262647312446105,0.5134224418735258,0.5417183836712178,0.5382984060383554,0.6192200860519579,0.5129190496643081,0.4722754543518831,0.4399936417103799,0.48707669053874114,0.49931440942987737,0.458865873365653,0.38510566923851053,0.30349525689183166,0.3757002271006813,0.3193415637860082,0.2350151885604208,0.00166689,0.0211225,0.1143,26,1.73652,0.423804,0.00237401,0.98131,0.0445595
43,0.8673973448595246,0.8901960784313725,0.7888642942278222,0.8036121264244249,0.9782372143634385,0.7574639670555937,0.9987044865675713,0.8820143884892087,0.9550661914460286,0.6521260376079959,0.0,0.86449004434397,0.891791637963012,0.89189600121636,0.8934460138289699,0.8759721653704462,0.8727865796831314,0.6750590086546027,0.42136262336835406,0.2975778546712803,0.3943639798488665,0.5773163441875098,0.100462,77,0.00550225,0.013744,0.397349,73,2.09649,0.271094,0.00897893
44,0.7124771897810219,0.9606662818504165,0.9396220371556694,0.883853413825355,0.9969489456912333,0.8949897048730268,0.8964271103231966,0.8945943659588868,0.9967856538656742,0.9933512876620098,0.8737604083852881,0.8693674362715647,0.9974604518279456,0.8714855623100304,0.9550907499929432,0.853817526178313,0.8226231235185673,0.5583664208735111,0.4366500342432247,0.45770308123249304,0.3652470187393526,0.32107180632271715,0.994652,0.0462834,0.0921924,39,0.00847104,0.0222636,0.19119,22,1.36164
45,0.5337194869673149,0.7006950153202302,0.49590519317853354,0.49536536381894025,0.5783460465741457,0.649203748418995,0.5536755858065345,0.7161134881402401,0.56046502337102,0.14456944160359997,0.15243035221283363,0.65420012466542,0.6208674831936642,0.6077633796269394,0.6622026406095505,0.6093314391309457,0.4836336496428191,0.5318311091664844,0.5325581395348837,0.46295387634936214,0.4519706078824315,0.3277717325595454,0.225772,0.00640984,0.990109,0.0257853,0.200914,77,0.00333733,0.0103868,0.385276
46,0.7470087742621643,0.7343878389482333,0.8861919305577881,0.9962247962247962,0.8121227054330418,0.8944439688382844,0.9987044865675713,0.8950486669487939,0.8937753721244925,0.9585025174598019,0.9597725181901815,0.876135282415016,0.9981998199819982,0.8685714285714285,0.9993502274204029,0.9630669295905347,0.7763141543432335,0.5492861222158767,0.493551912568306,0.4997591522157996,0.3348355114916629,0.2012380416432189,82,2.37477,0.188616,0.00387747,0.995876,0.038122,0.195113,12,0.007196
47,0.48130493073141667,0.3391951301995265,0.39452770208901,0.1832228630455367,0.2661180631120783,0.1703014093200288,0.3119410118112924,0.29957041778975746,0.20730310869841806,0.0,0.0,0.3973556632877919,0.13313531003023393,0.24003650745360516,0.049207944201442255,0.0,0.5393659770799226,0.48932496075353216,0.456881601765726,0.14524074368345785,0.08955460453320652,0.009532888465204947,0.0109198,0.240314,90,2.0315,0.153401,0.0038179,0.986682,0.0470637,0.0368154
48,0.670063284350531,0.9520307264852497,0.9215467766200479,0.8602639963586709,1.0,0.9978597722797705,0.8962244828292483,0.8885315277190012,0.9140359809911744,0.9959497088853261,0.9935772838671512,0.8816259030376883,0.891791637963012,0.8718830773909076,0.8934460138289699,0.8575043528728961,0.8448742223424398,0.7867544105292635,0.7276356646458673,0.5508955223880597,0.2540587433387037,0.3058923033549479,58,0.00535044,0.019838,0.437543,30,2.71883,0.607173,0.00747128,0.989562
49,0.7882185723310171,0.88800068032996,0.7892048356887451,0.7890671929975114,0.964576226712149,0.8949897048730268,0.9987044865675713,0.8950486669487939,0.9980520030490387,0.9598666287154881,0.9981021466829741,0.8366496598639456,0.9981998199819982,0.89189600121636,0.8934460138289699,0.8891269287244542,0.8593057042361217,0.6585266030013642,0.40712090706792414,0.4125586854460094,0.3655501279367295,0.32364995178399225,0.0117267,0.228504,87,0.00921628,0.0190595,0.353253,83,2.97257,0.135847
50,0.543975816899381,0.4829846231409125,0.48673567509474513,0.33819316772841934,0.23667029379760607,0.18119423472889495,0.43477669374587014,0.38294102758795245,0.10251188051595383,0.002286004572009115,0.0,0.30392243278977527,0.2359277000026464,0.40222847581381194,0.10660899246704336,0.3417885710167904,0.5357087768008638,0.6240538267451641,0.5361544782251437,0.3258997231621039,0.06950778424280546,0.21164750957854406,0.00531717,0.990149,0.0282796,0.028382,66,0.00372254,0.0360069,0.462116,31
51,0.6047666335650447,0.7549217907227617,0.789211729889696,0.7729241877256318,0.8582769087088489,0.8292721644574966,0.5985737540781506,0.9004363347877826,0.7090263625008217,0.28657968313140725,0.316687790452049,0.8586185144299007,0.804411827452319,0.748349285195057,0.7294395792622614,0.7271778718377793,0.5978436114469972,0.8862642169728784,0.8376318874560376,0.7087733020466693,0.6081827309236948,0.42576769025367156,0.848566,0.478611,0.000125472,0.988523,0.00165344,0.0577566,75,0.00411376,0.0122223
52,0.6550011039964672,0.6949047353068951,0.6706199938044873,0.6905410424662622,0.766112645235242,0.768814721984038,0.5453009095013868,0.8982983775227542,0.6831709167298827,0.5356537349157275,0.48434542586750784,0.6979680789692968,0.828328145028383,0.6184576547430854,0.7155856911261789,0.7467602045973758,0.5764111532109201,0.7764690485538542,0.6383719664816628,0.4881203801478353,0.4871449205584978,0.4627547756146605,0.254126,45,0.765915,0.246702,0.00155964,0.994893,0.0344372,0.0456237,100
53,0.4452975047984645,0.10343347639484979,0.23214590080109088,0.3299909626888152,0.3136901523394995,0.4176104542626011,0.5065638248965623,0.30943715615742695,0.0,0.0,0.0,0.369041095890411,0.2724885784802815,0.10267721326437484,0.22375576309256417,0.07992676992749259,0.44379538995895174,0.6712285669340884,0.4708262019604792,0.01916014689445955,0.00336053768602973,0.042750039878768575,0.00429762,0.0444014,0.311723,98,1.66541,0.715873,0.00398232,0.98886,0.0147341
54,0.7057459417675856,0.672305661000165,0.5475615114235501,0.4621648709596592,0.5136623164763459,0.5236992831910005,0.6225848296579504,0.6916448424431867,0.508418647939758,0.002960581965826381,0.0,0.6294180066933311,0.6793389732541643,0.47632029178965574,0.4483163894928601,0.36967739628892515,0.6746256576284905,0.7583873290136789,0.5510204081632653,0.40379901960784315,0.27994450439340224,0.23334361505243673,0.113461,39,0.00170387,0.0198975,0.400844,11,0.89712,0.552558,0.00259291
55,0.5741798122520081,0.5236190390579352,0.6103193592010818,0.5634651788382983,0.6117872225342736,0.5265154937212033,0.4993522432837856,0.6514377546920738,0.5428163434520246,0.6656327543424317,0.604373251970506,0.6576049153721308,0.48046586304442007,0.5711504945564836,0.512371664799055,0.5118190236123257,0.5901162790697674,0.4144200193557307,0.3139394708457586,0.40706290398864886,0.2617155938594129,0.22782776349614398,0.984527,0.0254226,0.205036,33,0.00382189,0.024089,0.135761,35,2.86112
56,0.6024669150713093,0.5569325522006909,0.520646700238537,0.3300874797134149,0.4570619373545972,0.5900733750860521,0.5027531338864453,0.6175285702540492,0.37471160184574814,0.03216619199195847,0.0,0.5011309803252102,0.5992065423745314,0.22324778628245534,0.1251452306262345,0.08264936056499328,0.5237071539472113,0.536462507155123,0.4919836529393272,0.4048851719102615,0.38982823403113254,0.34212588143118305,0.207207,0.00671317,0.993579,0.00664074,0.021457,9,0.00230499,0.0249786,0.337234
57,0.7572438652433107,0.6868150396223234,0.6428166458782174,0.5360802913525875,0.5449105867954036,0.6028158058494089,0.47674963771204504,0.8306826833601219,0.5186470812343902,0.15710723192019949,0.2028226147215415,0.7321178651132882,0.866393524532827,0.8519651816937813,0.8099611653352627,0.8161545257025523,0.8282842384475778,0.8419916756590103,0.8611494252873564,0.36114076559402164,0.600215662488206,0.5144713526284701,24,1.13023,0.531103,0.00741807,0.992918,0.049799,0.285837,22,0.00122186
58,0.565354623096918,0.6242403969448626,0.6536804575503231,0.6635338904916277,0.7268233607671585,0.5569039655996177,0.5563986834065869,0.5836075689016865,0.6054298642533937,0.5659554063773675,0.586674739246498,0.5670476288979676,0.6740315689744552,0.5997385620915032,0.626940893088753,0.5721083350104943,0.5640024038461539,0.36009878520891736,0.40704918032786885,0.41984935755427555,0.2920892494929006,0.35128042711066876,0.0358024,0.286876,29,2.02755,0.277299,0.0041106,0.995074,0.0200755,0.299277
59,0.8505903723887375,0.770453404718086,0.8766487670090193,0.8392201186775925,0.9969489456912333,0.8944439688382844,0.8962244828292483,0.8945943659588868,0.9591163026917217,0.7185291753057166,0.5404654686250578,0.8610278372591007,0.886997311969641,0.871138033839084,0.8543294293827615,0.8741981211407703,0.8494331065759637,0.7831476541660128,0.7527624309392265,0.6125638248491413,0.6131940469376074,0.5282359519150126,20,0.00364456,0.010221,0.444727,77,1.87129,0.631855,0.00687227,0.99319
60,0.872922168712133,0.9931798806479113,0.8927294398092968,0.7898805944506486,0.8966267682263329,0.7663006177076184,0.8186963043774718,0.8950486669487939,0.8207315003394433,0.5428885785620583,0.0,0.8802468062918224,0.891791637963012,0.8718830773909076,0.8800602801252881,0.8827381955647589,0.9440834214901013,0.8719739292364991,0.6090308370044053,0.5926389976507439,0.40974842767295594,0.37675849941383355,0.00576545,0.177758,31,0.00900865,0.0340823,0.40813,44,1.71126,0.669677
61,0.8748248482017749,0.8912598156367361,0.7892048356887451,0.8929645219482862,0.971674374319913,0.7666266300617708,0.8183928449511846,0.8950486669487939,0.9198913781398507,0.5697950194816195,0.0,0.8755331186352163,0.891791637963012,0.8652121027824236,0.8666745464216064,0.8760925573667863,0.8692759900990099,0.8261878966104318,0.6449309852451214,0.5940218250830303,0.6033204862140528,0.49713337356668674,0.00681563,0.991858,0.039841,0.123435,67,0.00179533,0.0325957,0.480375,4
62,0.6287405091558731,0.7767964328588578,0.41536142957102107,0.5116977306402558,0.5152788821992502,0.6703873655762627,0.45838082831243554,0.6027918781725888,0.4411515305689816,0.0,0.0,0.5596399667196128,0.45598984549393795,0.5496997216932766,0.6707899094185255,0.7069223028441289,0.697942488844819,0.7800146950771492,0.6615641525187865,0.3077644118106546,0.44710327455919396,0.32753140608445586,2.55254,0.352432,0.000337714,0.994521,0.021805,0.151842,52,0.00433088,0.0310737
63,0.8636643098678143,0.980970023576962,0.921271637816245,0.8920449669612975,0.9988112624392895,0.9978597722797705,0.9987044865675713,0.8950486669487939,0.8189069925322471,0.7898213227199593,3.380234081210576E-4,0.8743202416918429,0.9978828137405388,0.8718830773909076,0.8931293200212678,0.8888701720611238,0.8336002135041367,0.9293365069919667,0.6172204024333177,0.5670558535815715,0.5323337876722702,0.39505094614264924,0.202832,88,2.35454,0.482616,0.000930455,0.980155,0.0210275,0.0974372,81
64,0.7195876288659794,0.6142007094633253,0.6649062811133717,0.6878874242964019,0.8152227046611267,0.7068886110928351,0.5895779536892012,0.8576921451810537,0.7349392840246018,0.16451517331866083,0.2558139534883721,0.7105043837717104,0.7768435213991424,0.600566437394388,0.5858096145989378,0.6115292065696614,0.608200922603793,0.7204086718165961,0.5346609528611042,0.537316395394998,0.45984206471494604,0.6351133688514434,0.00649035,0.0403863,0.285261,88,2.58723,0.568145,0.00474357,0.998568,0.0306169
65,0.7328811790791705,0.8660006101281269,0.9668754119973633,0.878079542588077,0.9895686116158557,0.8458466717270057,0.8964271103231966,0.8927817644575771,0.9515810691639021,0.9784340716639552,0.8789412545635579,0.8475255037517916,0.8699690402476781,0.8693056924126431,0.9765108523957176,0.8849411229171409,0.7395169654763669,0.6952554744525548,0.5373248686514887,0.47026907319233746,0.4656269891788669,0.3111266480223731,0.192297,91,0.00992716,0.04241,0.361016,18,1.98143,0.1462,0.00661086
66,0.8800313234142522,0.8946196024674434,0.7896081771720613,0.7919214537938162,0.9234902067464635,0.7323168221734357,0.7938144329896908,0.883453237410072,0.7075695858791582,0.5287638735914598,0.0,0.8691924052848018,0.8923590858476059,0.8614047763918466,0.8802163376285613,0.8764724303230313,0.8862776025236593,0.7962667517549458,0.6836832061068703,0.6189493731153786,0.5875670558535816,0.521424070573409,0.986975,0.0443911,0.266243,25,0.000593268,0.0452,0.468323,9,1.58361
67,0.8142298217649616,0.8513656746840603,0.8343854437430375,0.7339852324885252,0.9442371946670127,0.9597049088543811,0.9987044865675713,0.8862811312790206,0.9539847598198122,0.7706817797327017,0.9413675356042308,0.8429500718087353,0.8836440010501444,0.8697012208993706,0.8623934137018524,0.8859493427995778,0.7588566215599818,0.8154114061819765,0.677383125087744,0.5953095173166076,0.5240985795799442,0.47301748163161894,0.255662,0.00110913,0.984715,0.00697983,0.0249846,26,0.000796883,0.0334411,0.13312
68,0.27589984350547736,0.23364806866952792,0.4858065612782594,0.25324620573355816,0.24003672470076165,0.1633513685550605,0.2699076065802143,0.0,0.0,0.0,0.0,0.11436158821261833,0.24604670646140958,0.09621235168846975,0.0,0.0,0.41058861164427385,0.4468695236577983,0.21392081736909319,0.1161423578010804,0.001440230436869916,0.0,78,2.44315,0.618245,0.00790704,0.981138,0.0418402,0.0338847,28,0.00699476
69,0.6540872290415252,0.8709546597453159,0.6713516902659491,0.5960843141780137,0.5000307919694544,0.680247036557426,0.5871137066777905,0.783352289481444,0.37913043478260866,0.0,0.0,0.5112068361700637,0.6048649640056858,0.5490022172949003,0.560504111929937,0.6448008650207244,0.700268817204301,0.7562246670526925,0.6748641692879611,0.4747384155455905,0.42331376199341253,0.3116783858147355,0.0372706,0.264283,3,2.8235,0.473551,0.00380612,0.992973,0.0250963,0.0690767
70,0.7368965008120478,0.7772404648623352,0.8851518908865468,0.7157993878031552,0.9899017099771106,0.7407302375044311,0.7111995217579519,0.8927817644575771,0.8377396028618433,0.7724966733200266,0.8537414965986394,0.7110814700410685,0.7752618288694788,0.7639189514189514,0.8029530486509454,0.7683842649414407,0.7430281594340906,0.7821547884187082,0.7537971936930421,0.7051697422172136,0.6252169600793454,0.5753485778025655,10,0.00994706,0.027733,0.34649,98,1.57564,0.0544667,0.00657262,0.986173
71,0.6996783088235294,0.777674575698725,0.7672891742048439,0.630570234245603,0.6566890837036148,0.8944439688382844,0.6936221044977666,0.8130237564388406,0.6412084181941615,0.23908259986459035,0.39489103401762005,0.6776511651781132,0.8244256111301622,0.704978488014751,0.892971057294743,0.8866937129414024,0.6413751507840773,0.7746071133167908,0.6374773771404705,0.5286123032904149,0.5160528144544823,0.38501221830029864,0.00755185,0.0603423,73,0.00199928,0.0470163,0.495641,57,1.07392,0.204582
72,0.7526506024096385,0.965763077178148,0.9858847252562595,0.8858116744780571,0.9969489456912333,0.8944439688382844,0.8962244828292483,0.9591265170272355,0.9934243803743045,0.9574528493206246,0.8908792733694967,0.8702637683649799,0.8937723693629205,0.9773761662747478,0.8913915094339623,0.8884853149880932,0.7044001504324935,0.6213673177703669,0.3872312824314307,0.529045379433075,0.3673816096835846,0.33402173913043476,0.00539176,0.988037,0.0298609,0.231208,73,0.00322356,0.0117607,0.278913,58
73,0.620727344992051,0.6993872624868478,0.8673822178646989,0.8794416243654822,0.9726154253208096,0.9978597722797705,0.9987044865675713,0.893422886833101,0.9788188387739846,0.8818829179431978,0.8549511279745948,0.8664670658682635,0.9383103147940774,0.9946853781703326,0.9942407146215326,0.9958618704345635,0.5691508746355685,0.5146859466787167,0.41327975157548635,0.3443675054889377,0.21378269617706236,0.23545499751367482,0.47771,0.444822,0.0031019,0.994705,0.0457962,0.116408,18,0.00300202,0.0253287
74,0.35666347075743043,0.16250536250536252,0.10497017892644134,0.3153478765973925,0.5005780739934711,0.3760295126973233,0.5350583737284085,0.2127803639441388,0.41140529531568226,0.0,0.0,0.3649082669717102,0.37121413037712836,0.4520839671432918,0.6406785672065256,0.6035481578725506,0.4676258992805755,0.28249400479616305,0.1644904458598726,0.005907711959124984,0.07032371232658263,0.0033578509753757757,0.322678,79,2.34228,0.702097,0.00121217,0.995363,0.0342985,0.214101,99
75,0.7794135995009357,0.7639983409373704,0.8161656791868239,0.8793672278149056,0.9947569597131549,0.8898421413864104,0.7938144329896908,0.8941405259152786,0.9900634249471458,0.7654769959404601,0.0,0.8618225134008338,0.8855970109982634,0.8519846303752321,0.8904464601248675,0.8798147303750989,0.8354148082069581,0.7686739565686124,0.6067398119122257,0.6016717325227964,0.5253523173035014,0.5727072633895818,0.00266613,0.0223457,0.128963,96,0.60633,0.3808,0.00700923,0.995821,0.0232835
76,0.5140845070422535,0.6256795038664726,0.5182543406851243,0.5475204166173512,0.5858261393294519,0.6501097981804873,0.4519649809215751,0.6101404863294464,0.5639920289560372,0.3673771344023673,4.2156738754695056E-4,0.5578889777366273,0.4068921183736254,0.29885141964531836,0.4978070175438597,0.22566964285714286,0.581401115933044,0.458455752732401,0.5498790379963,0.37261551504874946,0.5471957936905358,0.30551780375101933,0.0745574,32,0.00824475,0.0376298,0.478254,36,2.95221,0.356503,0.0076892
77,0.787636669470143,0.9326332794830372,0.9686313356447086,0.9736687631027253,0.9902350326621321,0.9978597722797705,0.7894445636341053,0.8927817644575771,0.990210495357338,0.886041920443567,0.8706465623207408,0.8544074230282581,0.8828096312227875,0.8894617134192571,0.8453011643998378,0.8463442018193066,0.6819174757281554,0.7101008873222316,0.5130324839525384,0.38153763344397595,0.3599694860303233,0.3400094921689606,0.992296,0.0385636,0.149231,16,0.00133483,0.0297899,0.278429,68,0.447904
78,0.9585698941230627,0.8074672197940589,0.8593137254901961,0.8952717250882783,0.8966267682263329,0.7913520933424846,0.9987044865675713,0.8950486669487939,1.0,0.9959497088853261,0.8952083157272036,0.8446610098294548,0.8920752716671084,0.8064893105107582,0.8936044449698546,0.8897694698046396,0.8778315888142478,0.705670696603339,0.4555423437706434,0.4736398144242936,0.30627765486725667,0.28458327335540523,0.723204,0.0096478,0.994316,0.0203429,0.204396,47,0.00452353,0.0417738,0.372829
79,0.7554765291607397,0.7521437321355655,0.6870195951066363,0.7162196249894897,0.7302289457688931,0.7318269279888296,0.6930013656422469,0.8135885570046277,0.8475357173049286,0.7527523712737128,0.015758951084215878,0.7929284456002013,0.8227804993057921,0.7989329210814071,0.8339829778536914,0.8297221757721984,0.842708754890058,0.8122289679098005,0.8566922654964344,0.6692340607616603,0.5309050772626931,0.5858327053504144,74,2.65854,0.451444,0.00958717,0.981536,0.0197536,0.277242,82,0.000898581
80,0.8602265768524189,0.776428932726353,0.7892048356887451,0.8885374818360544,0.8695268481433711,0.7784831846259437,0.8869488416332632,0.868539040690297,0.8446799491309878,0.6579983905806616,0.0,0.8576104746317512,0.8906589044720825,0.8714855623100304,0.8654470345234583,0.8688193258102548,0.8611494252873564,0.7332921747183208,0.6490872210953347,0.58094074526573,0.4274329501915709,0.573214823742091,0.0395139,0.331213,11,0.997063,0.543468,0.00334826,0.997852,0.0349364,0.16716
81,0.6180380883938197,0.7698094282848545,0.8322538149083324,0.6110014800197336,0.9783425929006287,0.8108575599847658,0.6164961361233978,0.8945943659588868,0.7176269252709641,0.21997651794699769,0.22975344755536986,0.7842772277227723,0.8761094846414796,0.7451963673335746,0.7507945967421533,0.880956385918539,0.7528450539830756,0.8227142641964151,0.7006561679790027,0.5184842883548983,0.45026654531270316,0.600299962504687,37,0.0070865,0.0147092,0.435284,19,1.50853,0.758239,0.00888958,0.982886
82,0.3496781416176882,0.3363800360793746,0.4073757044011699,0.38870083678413714,0.30587017090641244,0.300784475639967,0.33954478543251565,0.30764571274734154,0.3169829592070046,0.38918473332783776,0.3990288151882514,0.33304478563943685,0.2829654867057402,0.2546371836523238,0.2882198361961388,0.26034059445679547,0.3454052858564636,0.3532675348945862,0.2743722482945474,0.2588922645477916,0.2028725314183124,0.21415574114682967,0.0277639,0.211227,12,0.00914177,0.0438864,0.141903,42,1.03263,0.494373
83,0.8443275732531931,0.8644755360543092,0.7871942934782609,0.7566992769034453,0.9794358384630995,0.8692518874399451,0.8650918276780228,0.8815667033245919,0.9586699945006134,0.7693050193050193,0.0,0.8527224549106761,0.873820692563116,0.8710884095397236,0.8642229948730037,0.8739461484879782,0.848919776401269,0.7924445097750992,0.47985004686035615,0.3973068955312222,0.5928428812778375,0.29971612132078296,0.00695237,0.998378,0.0352015,0.0989087,66,0.00417189,0.0497472,0.245806,32
84,0.5433618843683083,0.6880722669452467,0.7393824826717077,0.6444438025361796,0.8320742438389497,0.7672732086906635,0.6094790279627164,0.6593191964285714,0.6939217022789912,0.7776024154257875,0.7170656321947835,0.6862670952290919,0.820730486265291,0.555307373216113,0.6544870740930588,0.6432566108489042,0.591289615307953,0.6130976706170821,0.4874590091287778,0.587135293454996,0.5593525179856116,0.4450015669069257,1.62956,0.0883525,0.00213356,0.995592,0.026717,0.247427,43,0.00511924,0.0317875
85,0.5890506860823299,0.5166526231761941,0.5079575596816976,0.5122544519919221,0.4589303929664351,0.5304389938181922,0.445349376264329,0.7118504956120968,0.7061996224492854,0.7497428622096116,0.7424194266098786,0.6711058106406944,0.42235788294595356,0.6683691185832513,0.7045631994447819,0.5857840972651536,0.7687807472410584,0.6445522080066034,0.4073086574654956,0.5264268585131895,0.32614361463107755,0.3044819452005081,0.46585,39,2.32038,0.179544,0.00988824,0.980889,0.0263512,0.062075,83
86,0.6784937466014138,0.8485981308411215,0.7380965019374701,0.8752210154079313,0.9445323346140186,0.9597049088543811,0.8964271103231966,0.8797804981004643,0.9897530656811692,0.9760999007608336,0.9103011093502377,0.8557066824364281,0.8774095278113346,0.8261002665130015,0.8898175397292525,0.8471400394477318,0.7534722222222222,0.48375090777051566,0.4068801897983393,0.38500543281419775,0.29943645386491713,0.3571428571428571,0.00574862,0.0455187,0.102267,99,0.588065,0.160047,0.00199743,0.991583,0.0278684
87,0.7805822816443834,0.9906462585034014,0.9556412205451189,0.9962247962247962,1.0,0.8944439688382844,0.8962244828292483,0.8950486669487939,1.0,0.939441965216666,0.9978075723079518,0.8775015160703457,0.9981998199819982,0.89189600121636,0.8934460138289699,0.8891269287244542,0.7218627224404899,0.7770014556040756,0.6804820693709583,0.5564823978509826,0.4680791356812123,0.21490335707019326,0.0315989,27,0.00101668,0.0284502,0.16798,2,1.64674,0.430485,0.00562252
88,0.26913471426472746,0.06323126711476224,0.25906648757555406,0.04583566238121861,0.14024058719586785,0.3559240335486359,0.2807731651180633,0.018907740356208347,0.0,6.349743893663273E-4,0.0,0.07445075507418664,0.0,0.0,5.318363126015635E-4,0.0010596281668432406,0.4964179104477612,0.5912854030501089,0.31415662650602405,0.17301658449125956,0.3474198648842892,0.21983955569268743,0.989438,0.0106181,0.249605,76,0.000658666,0.0167038,0.183453,99,1.10178
89,0.872922168712133,0.8901960784313725,0.7857994210795164,0.8929645219482862,0.9234902067464635,0.8949897048730268,0.8962244828292483,0.8689801100296234,0.9935081466395111,0.893586376344997,0.9996198521647307,0.8635058721183123,0.891791637963012,0.89189600121636,0.8934460138289699,0.8694469191688137,0.7924738012067323,0.6120253984709083,0.5917971456283775,0.4275746220441917,0.420836098208361,0.45412844036697253,0.788339,0.00756437,0.98782,0.00220342,0.0401781,46,0.0067098,0.0152117,0.247202
90,0.8585179526355997,0.8749790514496397,0.7892048356887451,0.8885374818360544,0.7286276906362463,0.9721770396370174,0.8186963043774718,0.8815667033245919,0.9535287638735914,0.6745619590458096,0.0,0.8654756780025828,0.8906589044720825,0.8781534954407295,0.8654470345234583,0.8688193258102548,0.7870998265257846,0.48090880403912906,0.6427678850359263,0.5963060686015831,0.5296172539489672,0.4285281188418978,60,1.96222,0.627361,0.0051275,0.998714,0.0427965,0.258121,8,0.00146245
91,0.6051611587107304,0.8224656325810483,0.7585460839463436,0.7017421028787941,0.7401491857419429,0.6263837796218668,0.7070452012102186,0.8978720037971679,0.847430004178855,0.5168765743073047,0.7876288659793814,0.6828781684382665,0.8995647969052224,0.8661206044344019,0.7633706175392424,0.7474855813012243,0.6194477791116446,0.753795959342452,0.6220175341249583,0.475789905621666,0.5488160503907618,0.41018055697235545,0.0178016,0.121499,48,2.10066,0.402297,0.00357823,0.98506,0.0359841,0.0259193
92,0.3865194211728865,0.3762069299576969,0.36774775161518813,0.3565720496100243,0.3324327685020856,0.37199947156351143,0.34018487551096244,0.35112685424368517,0.365922958684615,0.387402763645912,0.4470308788598575,0.3449743815851489,0.3315979245448949,0.33277230103390243,0.3434446987652191,0.3209478526421585,0.3883259774973581,0.32624422083220017,0.27657708773920664,0.3009542451676046,0.29546577711885347,0.2648160535117057,83,0.0038787,0.0182837,0.271114,76,1.4252,0.613809,0.00833064,0.980818
93,0.5955631399317406,0.7028435126482957,0.7424702606934953,0.7152401950958776,0.8963667398195562,0.8061526544388192,0.5487411958639292,0.7253554880971401,0.716500412986848,0.8311877853454083,0.9017251018289274,0.6736292428198434,0.8225208324244143,0.5448519330216892,0.7415540540540541,0.7496701913904731,0.5598455598455598,0.5856445413939961,0.5532462187467846,0.41267039325291754,0.3866303436714166,0.4073289557297183,0.033083,0.155735,68,0.00745793,0.0149693,0.389651,64,1.91801,0.12536
94,0.2885294117647059,0.22334942321852247,0.2664053178796659,0.025146148555708403,0.26213955386289445,0.06989228869374309,0.14223843950347836,0.17883227086587583,0.27516439049064234,0.0022834912043301347,0.0,0.09289257649589533,0.19738945823395282,5.704072707913843E-4,0.0027022636995909233,0.11780060626473565,0.35445079923742484,0.21085972850678736,0.020200438459129333,0.02704363859864778,0.018663739021330006,0.0033439490445860143,0.00369115,0.981776,0.0169737,0.0636962,22,0.00269931,0.0314507,0.325953,18
95,0.8035178035178036,0.9183351726312471,0.8752021018593371,0.9897706930355469,0.9974561611776278,0.9978597722797705,0.9987044865675713,0.8945943659588868,0.8571667363142499,0.9948583951449764,0.8924178601516428,0.8711619506321493,0.9968275789139746,0.8848214285714285,0.8917069718060635,0.888613563644237,0.6822103308943978,0.6377670742250217,0.4674842066146414,0.49846335697399524,0.3664461678832117,0.3827878787878788,0.334557,0.584825,0.00980331,0.997153,0.00732181,0.254475,67,0.00520105,0.0271527
96,0.7624503513596089,0.8540814657287747,0.7828069582840737,0.7798320753116784,0.892831747536654,0.9721770396370174,0.9612172650115736,0.8802263704704789,0.9632647890892201,0.724283305227656,0.0,0.8587537091988131,0.8844799495453829,0.870691618584877,0.8699740978395243,0.8730653869226155,0.7659607120933087,0.7122838401908169,0.6549056019808108,0.4162315381172609,0.40691124980971227,0.4692354553761803,0.221609,86,0.581097,0.548957,0.00204133,0.981906,0.0365177,0.252673,5
97,0.61660777385159,0.5712537249893572,0.5649977879368825,0.6160779095088313,0.6604383758533956,0.70393049338631,0.6003060355405425,0.581425131909226,0.6792264088029343,0.5387724052679124,0.5331730987256813,0.5128477760056707,0.6270016794984785,0.5037745142386136,0.5343443647608395,0.6037807412801723,0.4811560065229208,0.6071101966163694,0.38286378555798684,0.4045124336406818,0.32290300418462303,0.3754439780432677,0.00777914,0.0442096,0.354938,46,0.633653,0.0607477,0.00582224,0.991012,0.040896
98,0.6663739021329987,0.7438332763922104,0.6115132323003845,0.6279850187265917,0.48674437417267247,0.5701482826289996,0.48107926334737805,0.6571325235841948,0.6512205727063793,0.6046947397110929,0.5605568808415784,0.6275127149430855,0.5952676255979898,0.571061388410786,0.6010750002312824,0.6450781144325713,0.5623127621330137,0.4865373598494148,0.49251191286589513,0.4722609909281228,0.3955788684900712,0.48071272865131265,0.15892,30,0.00941871,0.0397135,0.189498,49,0.874254,0.504156,0.00760692
99,0.7441675924456436,0.6155742582674488,0.6029761039212835,0.5008899155526944,0.5342653668787578,0.6442096315619779,0.4402101720931606,0.4605458007192723,0.4466649694501018,0.0,0.0,0.5673583152678847,0.47388982078220176,0.38824554046643656,0.3467904007565906,0.6642431894121616,0.6978376860432463,0.853182014078437,0.7698183914672816,0.7917707567964731,0.12914896963976719,0.30965086141180054,0.987591,0.0300934,0.161729,91,0.00138981,0.0485164,0.22629,20,1.99908
100,0.6836986301369863,0.6492681746703761,0.7097473845368716,0.6453849400132634,0.6634055002925687,0.6058251335394995,0.46340541406375135,0.8991523409649054,0.6966413502109705,0.5642577291593933,0.07405394104118757,0.6009807789865285,0.815053391552462,0.5807168157531368,0.652591402169546,0.587865850839203,0.7873720628513767,0.5839085662555166,0.5425755224970339,0.5475347959424393,0.4196495855312735,0.5100562283737025,0.590729,0.00249883,0.980611,0.00315088,0.2808,56,0.00850188,0.0496442,0.29034
101,0.7836395038467577,0.772456596494171,0.7879972798367902,0.7854275219953873,0.9745977984758679,0.9670404931084667,0.7235725176941809,0.8620252093731495,0.9664068457171906,0.6726306017385433,0.0,0.8575603885498152,0.8898112409453814,0.8912861809617868,0.8645286800683841,0.8684432045022727,0.848919776401269,0.8510575793184489,0.5341614906832298,0.5468847352024921,0.5878900216249614,0.4966176470588235,31,1.15585,0.0669791,0.0043822,0.987404,0.043789,0.214722,96,0.00445648
102,0.809770860354518,0.8485981308411215,0.8779632721202003,0.7588190508417223,0.9870774006343208,0.8949897048730268,0.8964271103231966,0.8927817644575771,0.9529857022708158,0.9418565683646113,0.9514869579664396,0.842354133243266,0.8836440010501444,0.8695034116755118,0.8465318121369076,0.8724373576309795,0.748500299940012,0.6320666040016114,0.5378362223550508,0.590646492434663,0.4214373970345964,0.5653724247226624,0.0219732,0.491,52,2.29768,0.692501,0.00860029,0.989636,0.0141011,0.190165
103,0.4657752308182107,0.05873274457686706,0.0886313277654679,0.28538775510204084,0.3701713819368879,0.3646546359676416,0.3763549331434449,0.10156580617858657,0.0,0.0,0.0,0.0,0.13313531003023393,0.0,8.86590321389491E-5,0.0,0.7361845972957084,0.47515723270440247,0.3058184639255237,0.08225934765314236,0.03579382755329308,0.10181818181818181,87,0.00243686,0.0435361,0.49316,33,2.54773,0.621484,0.00104847,0.988247
104,0.5694205683082212,0.5421154864912591,0.702323717948718,0.6633763775268744,0.8829110123694007,0.7603888055319982,0.6575828320014366,0.712000501850574,0.8287558536894064,0.842546732704905,0.8250907249556925,0.6658708257108307,0.8619274186024816,0.7602548845336908,0.7198315976069134,0.719474274143978,0.7382078659278282,0.8014827018121911,0.657217504898759,0.5332356467297189,0.46702317290552586,0.45801317233809,0.0122266,0.171169,46,0.00015391,0.0135174,0.144068,40,1.80588,0.251965
105,0.6693043191559511,0.7785689773507207,0.5768604590095058,0.7149045465000383,0.8966267682263329,0.8044492843808339,0.6356470732005377,0.6973168293995541,0.6579260013577732,0.10166906718630853,0.10073523197836554,0.9167126076078198,0.9221776560360008,0.8886902951019167,0.79124340919709,0.8714619516777877,0.7088903309539261,0.7288839214433978,0.5035320712065555,0.3118313404657017,0.2715604946000939,0.1547997457088366,0.000655111,0.982531,0.0128896,0.118456,17,0.00831553,0.0400242,0.451909,40
106,0.5874985767960834,0.7610270951480782,0.7070318590509849,0.6063978335378496,0.6489009616585488,0.7365580516764487,0.42191257215812517,0.7140206620282521,0.3933603307179617,0.1004923620754955,0.0,0.7327129671659858,0.5526133095308936,0.5902891187322326,0.6874183845645954,0.5715747503616668,0.5568883610451306,0.653922401585953,0.5837448285066061,0.3652223652223652,0.5190687044707899,0.34575087310826547,1.53499,0.573951,0.00723112,0.993762,0.022607,0.0362445,13,0.000180806,0.0350738
107,0.7330004405933324,0.837772785622593,0.7796467619848613,0.7766703268857167,0.9639295991434116,0.7472131709826788,0.9707874346262493,0.8927817644575771,0.9290376569037657,0.6748376283260005,0.0,0.8453872676814398,0.8822542595019659,0.8689105235245094,0.8610263034288398,0.8646998251873848,0.7909628378378378,0.7583845723868083,0.4735872235872236,0.4361389052383755,0.25465657741559955,0.5652793614595211,0.223538,44,0.916875,0.365028,0.00347509,0.987175,0.0404349,0.289491,78
108,0.7225056353066793,0.7332149443344034,0.7746229798103846,0.7088016894883848,0.939612754808614,0.7461159247086944,0.6459390756478771,0.8945943659588868,0.6662297230870065,0.2899626693511178,0.0,0.8076095824371431,0.8949450984271441,0.7479415148029303,0.7507945967421533,0.8879726903382456,0.6293052432240502,0.7992390986245245,0.7600174850648405,0.5888370888370889,0.5811311434922203,0.6215078453884424,0.00791941,0.0478889,0.308234,77,2.4863,0.298296,0.0057448,0.994948,0.013495
109,0.8050143266475644,0.7993908054119148,0.9008304056212073,0.8746318889356332,0.9494721208794756,0.9978597722797705,0.9987044865675713,0.8927817644575771,0.9759006211180125,0.8663189453365641,0.8426982627026242,0.8552731571392383,0.8702430318618445,0.8894617134192571,0.8890326374595707,0.8465963786385514,0.6764705882352942,0.4412894604977451,0.5047986647193825,0.4620162932790224,0.2802566781077451,0.34898816342115313,0.239457,54,0.00760852,0.0387069,0.259784,26,1.38249,0.725735,0.00150537
110,0.5770983389681024,0.2660007990411506,0.5435675310794847,0.23508715169652605,0.33800326441784545,0.40219629375428967,0.586740220661986,0.4555392670157068,0.0016116718975316413,5.928686372490555E-4,0.0,0.23869546055531066,0.28814053309310583,0.2397322786735625,0.0,0.32231036848884664,0.5948833286477369,0.5501849253921693,0.4139297848244621,0.16708582206853195,0.21163290362185394,0.04475015812776728,0.990776,0.0415475,0.173407,62,0.00723755,0.0366284,0.17446,55,2.18728
111,0.8234559333795974,0.8367108339828526,0.7735696584419782,0.750330302323774,0.7374886809538184,0.7678092006654258,0.6440692462964863,0.868218366483284,0.6449296785910377,0.005420054200542035,0.0,0.8307554447344839,0.8658337287152723,0.8134370380798198,0.7077455710655225,0.6774504372124395,0.8028325465148569,0.8058684054534677,0.5172152282724101,0.6885472713297464,0.13845915841584155,0.30993150684931503,0.791939,0.000860886,0.985629,0.0230892,0.12007,31,0.000879939,0.0493988,0.103813
112,0.8426814637072586,0.8633319553534519,0.8511533439721457,0.6998245955954006,0.8662143644931654,0.7705155260777812,0.6552627592168465,0.8945943659588868,0.8406866880377931,0.6424630417386177,0.19978101575002105,0.8430948085788735,0.9672173199261236,0.8354042795599388,0.7480371875077889,0.8028560871171778,0.6756579808825456,0.7792349726775956,0.7837638376383764,0.6410772326265284,0.5041387465510445,0.5327089932516182,52,2.06608,0.42668,0.00277515,0.988897,0.00279078,0.293217,23,0.00969932
113,0.5639733840304182,0.6664378468051027,0.7057054648971572,0.5950858858191117,0.7214562582797703,0.5597777468540643,0.5247678402939862,0.6820913461538461,0.6487200660611065,0.5791235466973297,0.7057717210334834,0.5939548236823574,0.6203481293804087,0.5623084497847999,0.5982689876495186,0.6263298709474348,0.5323277844201233,0.5234031084358998,0.517589476904252,0.4086363211515095,0.3883059997962718,0.4468868821292775,0.0115785,0.304211,61,1.75085,0.192741,0.0019178,0.992508,0.0144145,0.260143
114,0.08684863523573205,0.07368247150173468,0.06825378873558019,0.0,9.514747859181716E-4,0.0,0.0,0.022005817629948132,0.004149026248941534,0.0012700563058295478,0.0,5.283550545966964E-4,0.008745660297352464,0.0,0.0,0.0,0.20441537203597715,0.181378132118451,0.023391812865497075,0.012604403948367482,0.025668449197860932,0.006871778853662303,57,0.0031585,0.0236654,0.105543,58,2.20684,0.521834,0.000495297,0.989126
115,0.7378120507123251,0.8023666820347318,0.7812236642508006,0.8268703018732848,0.9930773646709216,0.8613088062880827,0.8962244828292483,0.8927817644575771,0.9870586757130293,0.9801121029686527,0.9553528176974003,0.8570098993146629,0.8844799495453829,0.847351124914232,0.890131888836552,0.8482489378803537,0.6872762324428532,0.7287476535264146,0.43249054007567944,0.34025930851063835,0.3902325147072556,0.41185897435897434,0.0494526,0.102528,7,0.00555808,0.0362509,0.474027,42,2.57269,0.0559273
116,0.8006554573952693,0.8455060728744939,0.734858894408625,0.8236925515055468,0.9625768511093291,0.977313586165568,0.9987044865675713,0.8927817644575771,0.8191686300908785,0.8567475789208905,0.6201923076923077,0.7704069812340721,0.8831570937524599,0.8753597939706105,0.844687181349611,0.8648240844969224,0.7977001703577513,0.6649484536082475,0.7118060536508393,0.5886880039091131,0.5738728612464095,0.4976555569636294,0.00305555,0.989919,0.0151913,0.0930989,2,0.00982237,0.0414354,0.210461,46
117,0.871297875639634,0.8431264295291427,0.8597430992074337,0.9974229018125591,0.8966267682263329,0.9978597722797705,0.8962244828292483,0.8950486669487939,0.9989827060020345,0.893586376344997,1.0,0.8418526929174344,0.9019279529254174,0.9587632624785795,0.8610074892502206,0.8893838337627314,0.7894653590635875,0.5668506961113778,0.5333914776974832,0.3951103160405486,0.3085798453418436,0.21437361555500867,0.980915,0.527873,0.000545976,0.984403,0.0455793,0.138198,61,0.00531288,0.012452
118,0.8122289679098005,0.8522690173032974,0.8732979076718699,0.8765494561092841,0.9929097170639476,0.8944439688382844,0.8841173391593273,0.8927817644575771,0.9878079649004388,0.8294706127553148,0.0,0.8557066824364281,0.8776861241002469,0.8702951889512824,0.8893464321430673,0.8791817549581524,0.8147020443671161,0.8154114061819765,0.6118564742589704,0.5644572818485862,0.539382296438599,0.33625602805786936,0.151477,43,1.23703,0.644844,0.0091631,0.982593,0.0113499,0.106669,40
119,0.7047771091735233,0.9398951189995967,0.9182491652754591,0.9749769082206734,0.9496254197881684,0.893640350877193,0.9963041900961364,0.9454647301244349,0.9505908925906505,0.8924676937405409,0.7259269853756213,0.9591241493004184,0.9847222584941632,0.896480013636751,0.8884057119351237,0.9430966841665809,0.6940280464216635,0.4607601394439248,0.33262091348056677,0.3786595084305008,0.2932468396540253,0.22656568124440102,0.00218519,0.0327628,0.269464,87,2.62188,0.319388,0.000225352,0.982256,0.0179722
120,0.7022370789406017,0.8087677174502362,0.7081874495017506,0.7898805944506486,0.6697247706422018,0.5412258867454884,0.6616141809482725,0.7443513760822129,0.308214528173795,0.20198254681013306,0.5225871823017816,0.7864784079288917,0.9249374478732277,0.7686624483376614,0.7321416652204675,0.7616742528237362,0.6868663051167178,0.746445214482017,0.7164137155705452,0.6042154566744731,0.49553908967185845,0.41547951241004555,0.278082,79,0.00928332,0.0133315,0.340335,71,2.39733,0.26089,0.00170309
121,0.6098776129102134,0.8142305215711526,0.6993955236072538,0.5850001776388247,0.6792195726231032,0.7871650370084935,0.5895399805791761,0.8101752163816762,0.7412158818379078,0.40331974373907975,0.29521444505240124,0.6184852063838164,0.6552856204858831,0.7166145452125889,0.7875214805023133,0.7140601914630937,0.5342167926286365,0.6617608061522142,0.6103804603100047,0.4816345270890725,0.48457008244994115,0.469646221477915,0.996554,0.0269029,0.109431,89,0.00955095,0.0107984,0.200732,65,2.68248
122,0.6874235380474676,0.9449265958309676,0.9920527561717958,0.8934180039474813,0.9988112624392895,0.7913520933424846,0.8962244828292483,0.8950486669487939,0.9994910941475827,0.8932458183358035,0.9804029226675677,0.8756808161148094,0.9981998199819982,0.8436325145088879,0.8934460138289699,0.8891269287244542,0.9355998202785683,0.8316027689030884,0.6883468834688347,0.5158948685857322,0.453765368852459,0.36044738179969493,0.239787,0.00860593,0.984909,0.0223194,0.18536,65,0.00604788,0.0290422,0.416681
123,0.8010665086653829,0.7590867880985741,0.8789606035205365,0.7782479898434194,0.9739674424862101,0.8692518874399451,0.9711167581794256,0.873279864921908,0.8539828612436152,0.8888329557848813,0.36606398933511086,0.8492438962574977,0.8842011243629486,0.8694539734283494,0.8625455828726032,0.8658194461095792,0.8117596070499855,0.8137581462708182,0.6203036344119,0.5155591792363092,0.5062542955326461,0.45975103734439837,17,2.22916,0.323433,0.00967672,0.989265,0.0407112,0.287312,70,0.00509333
124,0.5542868392558322,0.8111086621115274,0.6357952780366574,0.5542611370627777,0.5389152402557229,0.5848999849601444,0.5565819861431871,0.7357487183411126,0.7313755922234929,0.44892068273092367,0.12047735514885727,0.5947139057105666,0.6682042955199645,0.7358398911881862,0.686206529830905,0.518373658359105,0.4861015193370166,0.6807009290838528,0.6400627867664815,0.6361788617886179,0.5766264798522863,0.5086059650505848,0.0344217,0.319969,50,0.957205,0.599646,0.00499879,0.982306,0.024298,0.165322
125,0.530949741315595,0.8180030894537285,0.9420359666024406,0.8591264101822389,0.9354582180233483,0.958426522825944,0.9987044865675713,0.8699765538233721,0.9012619502868069,0.8026941664446897,0.8453954418804029,0.9240485428878065,0.908819205090506,0.9276139410187667,0.9780886858992889,0.9377336540959351,0.4495363214837712,0.3964343837845835,0.39887383959823464,0.3438029934380299,0.3629890257183547,0.20160238494503446,21,0.00767807,0.0410157,0.20663,9,1.04031,0.733453,0.0092352,0.996266
126,0.6246614624820774,0.5414809736030168,0.46305446697336283,0.40090033236568645,0.3431379216539717,0.18119423472889495,0.48320625526492,0.4509098603470165,0.3202223353699932,0.0,0.0,0.47418713796456813,0.43045426821183275,0.2397322786735625,0.0,0.21340303037602681,0.6651944721470295,0.7146417445482867,0.6227961645530466,0.2865035516969219,0.034922659862860805,0.05893536121673004,0.0353398,0.127048,93,0.00812529,0.021681,0.386207,28,2.06134,0.212596
127,0.6312600969305331,0.5263370170202468,0.5081992734820966,0.4419498036537477,0.4479687234404216,0.5693945920076573,0.47790420182391546,0.5896087505258729,0.48100249355479485,0.0014811053277474784,0.0,0.4883720930232558,0.45683203647717696,0.4419887415467151,0.4298947799745365,0.47596056169704215,0.5559188121509331,0.6391432999859095,0.5633546034639927,0.3388905729008791,0.3099814011159331,0.2796194868838282,0.00820868,0.993418,0.0183472,0.153125,44,0.000740471,0.0347741,0.2351,81
128,0.5443147964250248,0.7485082229660893,0.6677666649743617,0.5269042351453856,0.5631936758893281,0.5059091639519087,0.5734428148202333,0.5220768431983385,0.5949654858843467,0.08382659441433926,0.0,0.5273161169351401,0.3734971626430701,0.5169217463242206,0.36614602252088635,0.20589111092583112,0.6771119133574007,0.5513227513227513,0.5666096308970912,0.4368405627198124,0.49588025267783575,0.38588363537266657,1.81239,0.335763,0.0013505,0.998044,0.029074,0.136146,39,0.00122606,0.0407532
129,0.5237435968434169,0.7323473282442747,0.5898885656255146,0.6414197760423124,0.5216386982811332,0.5176436278798484,0.5625905719887478,0.6856615332969662,0.6811539271425564,0.3513467871316389,0.01847131096159471,0.5374173644777436,0.7795657591262162,0.8355438662408416,0.8306423151579319,0.7974317364001976,0.698667044809983,0.766366612111293,0.6331377479742946,0.631637943113353,0.6429398893036427,0.5194741368718516,0.404027,21,1.28245,0.268985,0.00729179,0.986258,0.0338066,0.240727,84
130,0.6205642495040775,0.794910657306956,0.6452881976212259,0.6519780932478201,0.5950506512301013,0.4763234655247316,0.4923118553419076,0.8426202661207779,0.535318500972845,0.04258555133079844,0.09517573504562349,0.6806764078148088,0.7575187543911339,0.7169072526444977,0.681986057155021,0.6527745110455754,0.5733835779452598,0.7148426996504437,0.6559532505478451,0.5854208982171067,0.42814985886579415,0.4575373030260772,0.00424236,0.0192035,0.301944,5,1.60163,0.244124,0.00738704,0.980017,0.0464703
131,0.8620742559067198,0.8644755360543092,0.7481035132081562,0.8766937093828314,0.8963924179631768,0.7913520933424846,0.8964271103231966,0.8945943659588868,0.9723504255409239,0.9941880053908356,0.8901680672268908,0.8658004957688692,0.8867168976236893,0.8712869406670212,0.8541242937853107,0.8877165997740873,0.7813087038196619,0.7392588614393125,0.6172671651937458,0.487552114353782,0.44078383343539496,0.3484510809003789,0.273547,60,0.00560014,0.0449148,0.36761,89,0.886272,0.378067,0.000725035
132,0.6605843380036929,0.6008306140611095,0.6784609823687698,0.740220794200033,0.7495921696574226,0.5425028856536471,0.536147003916688,0.6722426104520498,0.6189075630252101,0.5936226927526027,0.7814687623827764,0.6577749241186084,0.8029386712095401,0.7007408196983425,0.7129973027646662,0.6946619812583668,0.7107748321765843,0.4531811067120891,0.4568198471684287,0.46337662337662333,0.3418148773205245,0.34033044420368364,0.987897,0.0315629,0.111714,97,0.00966723,0.0309275,0.425016,15,1.86437
133,0.6771815718157181,0.7618237495746852,0.8338582677165354,0.8273638968481376,0.9537832841436124,0.8613088062880827,0.8962244828292483,0.893234225863671,0.983105994243524,0.8435575461889147,0.9365779345734445,0.8574451875052908,0.8779628948336574,0.8702951889512824,0.8365188815706321,0.8861831529953696,0.749399839957322,0.5628272251308901,0.457114118507681,0.38047583081571,0.37956484232723087,0.41254773595199123,0.537634,0.00712057,0.982074,0.00805834,0.29581,72,0.00253665,0.0415276,0.357998
134,0.8064006888633755,0.6889799319491702,0.7430266110932991,0.7810243778136414,0.9957674465851759,0.9978597722797705,0.8635706778770362,0.8941405259152786,0.9896699420508944,0.9797866600257337,0.9669063572479163,0.8479388015299618,0.885317481193119,0.8705429151564605,0.8503409969767278,0.8864596332917347,0.8290056063735616,0.5552021808268969,0.5035301340427709,0.357980900409277,0.4202780049059689,0.3621954798943352,95,1.08313,0.679867,0.00618708,0.991262,0.0390827,0.089254,87,0.00581777
135,0.6543509429800375,0.7354786331094545,0.7190125371591056,0.6338118022328549,0.7127718612087419,0.5846782056134797,0.521616761214106,0.7540552890107379,0.6807417336907953,0.25974845412863334,0.0,0.5883370977677393,0.7781559473880679,0.6510223172524389,0.6309011966536058,0.6786340676301389,0.8190226394257316,0.7488667271078876,0.6180189026635572,0.7386773031394751,0.5452921395544346,0.4344099508727919,0.0390628,0.449075,62,2.40691,0.418186,0.002963,0.992547,0.0370603,0.271811
136,0.6716244180031039,0.6988745980707396,0.467080617847796,0.45950299125632765,0.5118198491950274,0.6087725657942434,0.39784902597402594,0.5327972469976825,0.4189637088315502,0.5140218588494451,0.36296797092875854,0.455745784695201,0.5488665187064046,0.4488048652825204,0.6520247988392033,0.5901920183527238,0.6414170178835858,0.5719913584953615,0.3951884768617836,0.3188180404354588,0.25823658613115785,0.29214340198321886,38,0.00935505,0.0472421,0.380804,7,1.54532,0.284345,0.00447959,0.987326
137,0.7218639737194306,0.7200348782614527,0.7230215827338129,0.805311065974573,0.8770914730531778,0.8395504940040727,0.615262787945654,0.8927817644575771,0.6473090688095078,0.47070922827419803,0.001264435640225936,0.8674420457261213,0.8920331295602445,0.6870806374311047,0.7499007936507937,0.8350889709585362,0.7588218949708252,0.7888503755054881,0.6120239459941409,0.5912951167728238,0.5912540192926046,0.48005891683661905,0.0307925,0.275731,35,0.0049581,0.0203172,0.169653,81,0.730366,0.0784318
138,0.7871952927991034,0.9337180411958003,0.9504806134571768,0.9933270596287107,0.8968494035278524,0.9978597722797705,0.9987044865675713,0.8945943659588868,0.9962800135272235,0.9948583951449764,0.868035932689469,0.7906486613066895,0.9972494049193336,0.8488300043738154,0.9977589054022175,0.8887418493299006,0.8087778353184878,0.6892387026733614,0.5569929216499878,0.4409767849321069,0.40516158501770017,0.32594427244582047,0.00847008,0.991063,0.00989717,0.219564,54,0.00487363,0.0141314,0.265903,83
139,0.8644615384615384,0.7879202669176149,0.7892048356887451,0.7894736842105263,0.7541975392563388,0.8964129783408955,0.9209736806218465,0.8885315277190012,0.9679650373387644,0.6983313569371505,0.0,0.8695182077674941,0.8785437973610302,0.8852250266078759,0.8733674132734472,0.8758394916111018,0.9388337841899609,0.7368585732165207,0.6163731556401714,0.6046110414052698,0.5618683001531394,0.42178340018512805,1.48407,0.346673,0.00424523,0.984682,0.0482523,0.222935,75,0.00474685,0.0322064
140,0.7315283400809717,0.7029868058576192,0.5341997264021887,0.6896174037844167,0.6843424727088093,0.6783378578479763,0.5643700633455854,0.6824629651459782,0.35288710620874075,0.0022835877701188334,0.0,0.6729270164384669,0.6706995715038611,0.7218834453606819,0.6061703193005431,0.6350547129967364,0.5728072318592718,0.6757470298811952,0.44025003064101,0.5608141245708681,0.5170779311306287,0.4009508716323297,0.232184,17,2.65572,0.166887,0.0036226,0.98347,0.0110987,0.083175,26
141,0.75,0.7134896980691978,0.7530701976044878,0.8292780215396889,0.8572263911899425,0.9610659454824294,0.8962244828292483,0.8862811312790206,0.9913767719681992,0.946435730895678,0.8715290633098852,0.8587537091988131,0.8782398401766469,0.870691618584877,0.8372596424153829,0.8864596332917347,0.7610551997560232,0.5625457971317911,0.5052212294111315,0.39277899343544853,0.3837421447395094,0.36703483432455397,0.00736444,0.0164201,0.315698,32,0.530506,0.385595,0.00263941,0.981515,0.0284511
142,0.5948466011630238,0.7256810653687555,0.7348745046235139,0.6016576823606394,0.6859495518032104,0.7913520933424846,0.5665406958585795,0.8960290518670562,0.7796201152109606,0.7098405289770517,0.830989713757368,0.571523619427811,0.7258971199753581,0.633406215638942,0.5834081020327438,0.6878748595626998,0.5854549042826129,0.6845773381294964,0.6330303979943591,0.4821689438858813,0.3619388160508542,0.3590519002860646,0.196363,91,0.00888727,0.0263599,0.131763,15,1.11831,0.672037,0.00938529
143,0.7684299380979178,0.777335264301231,0.754147417051659,0.72533559760634,0.869198312236287,0.8035235357412434,0.6012927611726964,0.8805220035475969,0.7822028624766646,0.3468729588504246,0.0,0.7471006622052485,0.8627002288329519,0.8063705822837804,0.6596018619391899,0.801372344761991,0.7536997885835095,0.6613688797744168,0.597878609310548,0.5051867219917012,0.6140670553935861,0.33616071428571426,0.994311,0.00536102,0.13418,55,0.00659782,0.0294394,0.250598,51,0.310212
144,7.996161842315219E-4,0.0010297777396378605,0.0,0.0,0.0,0.0,0.0,0.0,0.0,0.0,0.0,0.0,0.0,0.0,0.0,0.0,0.0011180322632167172,6.399999999999739E-4,0.0,0.0,0.0,0.0,0.659,0.0047114,0.983175,0.0477243,0.110385,41,0.00184016,0.0214529,0.216302
145,0.6663905325443786,0.7802834547020594,0.5698501070663812,0.6498964388320974,0.6335239194292908,0.6108446194291125,0.5082393307922012,0.6507305624952684,0.7179496994985262,0.527214906021935,0.021212248498340802,0.6994775810876837,0.6335068090739298,0.5980267112342583,0.7630927971426682,0.6660244527295829,0.6396682948994661,0.6378244746600742,0.6825471698113208,0.5830564784053156,0.5868298943627209,0.5407244556113903,55,1.76941,0.589436,0.00162466,0.983582,0.00399028,0.0486073,5,0.000278832
146,0.8772833723653396,0.789744469216258,0.7896081771720613,0.8934250107434465,0.8267478237214363,0.7913520933424846,0.7159827951116269,0.8950486669487939,0.7940852002715546,0.6386935524866559,0.0,0.8758821991809707,0.891791637963012,0.8718830773909076,0.8934460138289699,0.8827381955647589,0.8772833723653396,0.7939866369710468,0.6759288663067641,0.07289002557544755,0.22345659419139818,0.5358874120406567,0.0393033,0.274426,4,0.698839,0.771484,0.0080256,0.996378,0.0273796,0.0811257
147,0.7715203161664814,0.8434571890145396,0.9523319987014393,0.7569147184721765,0.9988112624392895,0.9978597722797705,0.8964271103231966,0.8950486669487939,0.9214721845318861,0.893586376344997,0.9659637283846478,0.8292263610315186,0.8915081845632251,0.8785540519993918,0.8582214526979081,0.856271877970188,0.7349433073185099,0.7262332990750258,0.6112600536193029,0.3610197368421053,0.43642309143503966,0.3312340881682969,18,0.000405001,0.0383758,0.194298,48,1.49626,0.410586,0.00594928,0.986486
148,0.1307814992025519,0.10101343000741536,2.2715656766425507E-4,0.13335907004675507,0.0,0.12911805078929306,0.0,0.0030452988199467512,0.0030514939605849056,0.002074074074074117,0.0,0.0,0.0,0.0,0.0,2.4086808859125064E-5,0.10823032861018989,0.2309786719104523,0.1578712650512859,0.09830458060678171,0.18625789554768135,0.00127571360229628,0.0188656,0.125598,96,0.00111448,0.0427289,0.327108,13,2.13572,0.0731752
149,0.38890536932660935,0.31175356230952966,0.4954138057550186,0.1895298318062546,0.1543080054274084,0.0037735849056603765,0.131016590428074,0.22320753131041438,0.25535510583463605,0.0,0.0,0.10887949260042284,0.13313531003023393,0.0,0.0,0.0,0.3384186592342673,0.3154198910862711,0.39468531468531465,0.2974328710534081,0.3072738576313335,0.30665216039788623,0.00319633,0.993056,0.0166317,0.0660459,4,0.00914941,0.0170383,0.198465,68
