max_value,0.7626262626262627,0.7278645833333333,0.5841121495327103,0.5797101449275363,0.7057646116893515,0.6875,0.32020202020202015
index_set,1,428,39,22,479,377,156
mean_value,0.531030303030303,0.467359375,0.42261682242990656,0.47539130434782606,0.3630587136375767,0.2814,0.15151717171717172

experiment,breast_CE,diabetes_CE,glass_CE,liver_CE,pendigits_CE,shape_CE,vowel_CE,a_t,lp,dsbeta,age_wins,e_b,e_n,epsilon_ds,minwd,epochs
0,0.1515151515151515,0.18229166666666663,0.4158878504672897,0.4,0.31345076060848676,0.64375,0.23030303030303034,0.977405,0.177127,0.21,41,0.00538694,0.652708,0.042023,0.212651,15
1,0.7626262626262627,0.5260416666666667,0.43457943925233644,0.5333333333333333,0.2979717107018949,0.125,0.09090909090909094,0.786807,0.0683557,0.289105,78,0.00786967,0.87635,0.0701869,0.329112,19
2,0.7626262626262627,0.5325520833333333,0.4672897196261683,0.48115942028985503,0.46704029890579135,0.125,0.1636363636363637,0.839156,0.01344,0.477311,80,0.000682982,0.0267683,0.0992018,0.461556,22
3,0.19191919191919193,0.12630208333333337,0.48130841121495327,0.2579710144927536,0.32345876701361087,0.61875,0.2525252525252525,0.961575,0.0317199,0.245392,54,0.00700188,0.922381,0.0436815,0.0377613,71
4,0.31313131313131315,0.40104166666666663,0.46261682242990654,0.45507246376811594,0.5050707232452629,0.4625,0.23737373737373735,0.926215,0.0922324,0.357187,35,0.00831309,0.233814,0.0204933,0.259887,73
5,0.5808080808080809,0.42708333333333337,0.44859813084112155,0.4608695652173913,0.6725380304243395,0.25625,0.17272727272727273,0.879472,0.0872738,0.118543,70,0.00601833,0.633175,0.0958003,0.0114365,45
6,0.4040404040404041,0.32161458333333337,0.5186915887850467,0.4144927536231884,0.6090205497731518,0.4,0.18484848484848482,0.911551,0.133922,0.238936,21,0.00856945,0.90354,0.023148,0.480094,42
7,0.5707070707070707,0.53515625,0.49065420560747663,0.48985507246376814,0.4669068588203896,0.125,0.16868686868686866,0.858976,0.174046,0.0832463,86,0.00568895,0.342296,0.08022,0.261971,8
8,0.41414141414141414,0.5377604166666667,0.47663551401869164,0.49855072463768113,0.6192954363490792,0.125,0.12828282828282833,0.860564,0.139097,0.250877,20,0.00641917,0.408604,0.0905047,0.313175,77
9,0.40909090909090906,0.30338541666666663,0.5280373831775701,0.5304347826086957,0.5465705898051775,0.39375000000000004,0.16161616161616166,0.919329,0.19271,0.362972,29,0.00774356,0.241131,0.0248017,0.230621,62
10,0.16161616161616166,0.12369791666666663,0.40654205607476634,0.28695652173913044,0.2818254603682946,0.5625,0.19999999999999996,0.981577,0.197553,0.219482,71,0.00825271,0.553881,0.0774561,0.228451,86
11,0.0505050505050505,0.07161458333333337,0.3411214953271028,0.19130434782608696,0.2642113690952762,0.525,0.14242424242424245,0.991121,0.0158387,0.0779758,78,0.00155872,0.739517,0.0404478,0.340955,88
12,0.7626262626262627,0.5286458333333333,0.3551401869158879,0.5217391304347826,0.10408326661329059,0.125,0.09090909090909094,0.742253,0.130756,0.0890185,57,0.00567077,0.134544,0.056865,0.240428,25
13,0.7626262626262627,0.6510416666666667,0.3551401869158879,0.5449275362318841,0.10408326661329059,0.125,0.09090909090909094,0.72331,0.144691,0.358178,51,0.00268411,0.446644,0.0286388,0.296627,42
14,0.28787878787878785,0.4296875,0.49065420560747663,0.4318840579710145,0.5048038430744596,0.36250000000000004,0.18787878787878787,0.913325,0.0654328,0.329433,66,0.0039846,0.68896,0.0881304,0.434062,30
15,0.31818181818181823,0.29036458333333337,0.5046728971962617,0.4869565217391304,0.5565785962103016,0.41874999999999996,0.19292929292929295,0.935028,0.111552,0.141298,13,0.00318744,0.437414,0.0402448,0.421848,23
16,0.40909090909090906,0.7161458333333333,0.43457943925233644,0.4869565217391304,0.5500400320256205,0.24375000000000002,0.18686868686868685,0.870774,0.0973094,0.283361,35,0.00867691,0.963847,0.0134501,0.0679887,54
17,0.5858585858585859,0.43880208333333337,0.4532710280373832,0.49275362318840576,0.5377635441686683,0.23750000000000004,0.17575757575757578,0.863052,0.0840442,0.178302,34,0.00263399,0.774487,0.0832297,0.345474,27
18,0.5808080808080809,0.40364583333333337,0.4439252336448598,0.4318840579710145,0.5980784627702161,0.23124999999999996,0.18181818181818177,0.86521,0.0775723,0.394018,8,0.00451082,0.365835,0.0867688,0.0839785,20
19,0.28787878787878785,0.2734375,0.5233644859813085,0.45797101449275357,0.5188150520416333,0.56875,0.2161616161616161,0.939569,0.0425746,0.235613,25,0.00552356,0.0974637,0.0743419,0.26116,60
20,0.41414141414141414,0.5182291666666667,0.4953271028037384,0.4260869565217391,0.5372297838270617,0.4125,0.18686868686868685,0.908586,0.0742962,0.348802,85,0.00464153,0.22685,0.0166422,0.060267,76
21,0.15656565656565657,0.16276041666666663,0.3878504672897196,0.2753623188405797,0.2756872164398185,0.6125,0.24444444444444446,0.968807,0.0277246,0.422635,74,0.00240487,0.769423,0.0382918,0.230173,84
22,0.7626262626262627,0.6510416666666667,0.3551401869158879,0.5797101449275363,0.10408326661329059,0.125,0.09090909090909094,0.723755,0.129138,0.225265,32,0.006459,0.965842,0.0494729,0.473911,76
23,0.7626262626262627,0.6510416666666667,0.3551401869158879,0.5304347826086957,0.10408326661329059,0.125,0.09090909090909094,0.748149,0.100706,0.340492,61,0.00294765,0.740813,0.0392729,0.482175,82
24,0.07070707070707072,0.078125,0.383177570093458,0.1681159420289855,0.19629036562583402,0.49375,0.11515151515151512,0.993234,0.190254,0.210976,54,0.00745417,0.755297,0.0729029,0.217887,41
25,0.7626262626262627,0.7161458333333333,0.3551401869158879,0.518840579710145,0.20589805177475318,0.125,0.09090909090909094,0.761872,0.0393399,0.410829,4,0.00597991,0.415161,0.0239535,0.211331,97
26,0.2676767676767676,0.22135416666666663,0.5,0.45507246376811594,0.4059247397918335,0.50625,0.28181818181818186,0.950663,0.00517328,0.00861272,29,0.00863607,0.03125,0.0879358,0.14635,20
27,0.20707070707070707,0.17317708333333337,0.3598130841121495,0.3536231884057971,0.26941553242594074,0.61875,0.23838383838383836,0.975083,0.144351,0.391776,63,0.00821315,0.938409,0.0236789,0.334974,14
28,0.7626262626262627,0.6510416666666667,0.3551401869158879,0.5391304347826087,0.10408326661329059,0.125,0.09090909090909094,0.760012,0.121737,0.0234499,66,0.00336975,0.899338,0.0863026,0.193406,26
29,0.7626262626262627,0.5690104166666667,0.46261682242990654,0.5391304347826087,0.29650386976247667,0.125,0.09090909090909094,0.789369,0.151364,0.131614,84,0.00517425,0.0827477,0.0393762,0.242151,92
30,0.7626262626262627,0.6510416666666667,0.3551401869158879,0.527536231884058,0.10408326661329059,0.125,0.09090909090909094,0.750378,0.18074,0.473188,69,0.00826467,0.168791,0.052027,0.0401918,25
31,0.7626262626262627,0.6510416666666667,0.3551401869158879,0.5797101449275363,0.10408326661329059,0.125,0.09090909090909094,0.741139,0.0103616,0.42165,11,0.00837325,0.574896,0.0316157,0.39495,40
32,0.33333333333333337,0.45442708333333337,0.4532710280373832,0.45797101449275357,0.6650653856418468,0.35,0.18686868686868685,0.872171,0.0283974,0.403081,64,0.00320799,0.909471,0.0963936,0.0823484,17
33,0.40909090909090906,0.44010416666666663,0.4392523364485982,0.4869565217391304,0.6234320789965306,0.31875,0.18080808080808086,0.881662,0.192186,0.452965,50,0.00877323,0.1917,0.0517137,0.472697,45
34,0.09090909090909094,0.06770833333333337,0.2570093457943925,0.2028985507246377,0.2938350680544436,0.55,0.14343434343434347,0.986691,0.00992942,0.183311,60,0.00557083,0.50686,0.0633874,0.426638,13
35,0.7626262626262627,0.7161458333333333,0.40654205607476634,0.5246376811594202,0.29770483053109154,0.125,0.09090909090909094,0.80478,0.113413,0.269162,96,0.00164505,0.190337,0.0217892,0.323665,84
36,0.7626262626262627,0.515625,0.3551401869158879,0.5304347826086957,0.2068321323725647,0.125,0.09090909090909094,0.771035,0.0863469,0.0957051,22,0.00506902,0.778866,0.0478993,0.477653,85
37,0.4191919191919192,0.37890625,0.49065420560747663,0.4434782608695652,0.6437149719775821,0.35,0.17272727272727273,0.904996,0.0675144,0.0338296,78,0.0042555,0.417321,0.07509,0.409756,51
38,0.7626262626262627,0.6510416666666667,0.3551401869158879,0.5797101449275363,0.10408326661329059,0.125,0.09090909090909094,0.715596,0.0897323,0.341399,82,0.00682725,0.501073,0.0870194,0.101844,89
39,0.398989898989899,0.30208333333333337,0.5841121495327103,0.4492753623188406,0.633306645316253,0.35,0.19191919191919193,0.918516,0.0299695,0.324682,39,0.00173565,0.0422981,0.0153361,0.302533,64
40,0.5808080808080809,0.5390625,0.48130841121495327,0.5101449275362319,0.49119295436349075,0.125,0.13030303030303025,0.830857,0.0615537,0.274639,12,0.00218228,0.627299,0.0875345,0.158435,16
41,0.28787878787878785,0.3671875,0.4719626168224299,0.4318840579710145,0.5449693087803575,0.5,0.20101010101010097,0.934806,0.088057,0.080485,56,0.00522484,0.089552,0.0659659,0.307804,75
42,0.7626262626262627,0.6510416666666667,0.3551401869158879,0.5797101449275363,0.10408326661329059,0.125,0.09090909090909094,0.704012,0.0408884,0.388797,19,0.000563188,0.0146093,0.0664395,0.154177,53
43,0.41414141414141414,0.4453125,0.4392523364485982,0.4869565217391304,0.5844675740592473,0.23750000000000004,0.18787878787878787,0.863931,0.179744,0.347398,62,0.00724042,0.733238,0.047397,0.372576,38
44,0.2828282828282829,0.18489583333333337,0.4112149532710281,0.3623188405797102,0.3773685615158794,0.49375,0.2343434343434343,0.949574,0.0368441,0.404646,100,0.0074077,0.485475,0.0813874,0.119382,21
45,0.5858585858585859,0.47395833333333337,0.4439252336448598,0.5304347826086957,0.4778489458233254,0.125,0.12828282828282833,0.831533,0.00741843,0.230193,77,0.00636044,0.613572,0.0556077,0.0952642,78
46,0.5707070707070707,0.5364583333333333,0.4439252336448598,0.5391304347826087,0.39978649586335735,0.125,0.18181818181818177,0.805272,0.0192409,0.466282,71,0.00985777,0.21013,0.0736201,0.300014,56
47,0.7626262626262627,0.5416666666666667,0.4719626168224299,0.518840579710145,0.4658393381371764,0.125,0.12727272727272732,0.830159,0.122107,0.202618,39,0.00620685,0.456904,0.0821577,0.168833,68
48,0.16666666666666663,0.15364583333333337,0.48130841121495327,0.4347826086956522,0.31545236188951165,0.63125,0.21313131313131317,0.974842,0.169287,0.381738,15,0.00844164,0.406786,0.0127634,0.404732,99
49,0.2272727272727273,0.23046875,0.5186915887850467,0.48115942028985503,0.46143581531892175,0.45625000000000004,0.2525252525252525,0.951187,0.163269,0.366369,74,0.00470553,0.52293,0.0614687,0.362307,70
50,0.7626262626262627,0.5338541666666667,0.3551401869158879,0.5304347826086957,0.2068321323725647,0.125,0.09090909090909094,0.775935,0.154271,0.406832,58,0.00202758,0.513547,0.0581383,0.397705,31
51,0.4040404040404041,0.6783854166666667,0.5,0.49275362318840576,0.6482519348812383,0.36875,0.19696969696969702,0.890559,0.0521371,0.240633,90,0.00343441,0.581699,0.0433629,0.442517,76
52,0.303030303030303,0.24479166666666663,0.4672897196261683,0.4434782608695652,0.5392313851080865,0.575,0.24848484848484853,0.923341,0.013336,0.296141,50,0.00650716,0.310558,0.0845248,0.109854,56
53,0.7626262626262627,0.6510416666666667,0.3551401869158879,0.5797101449275363,0.10408326661329059,0.125,0.09090909090909094,0.701123,0.0884254,0.150234,83,0.00764102,0.485001,0.0916207,0.0441964,97
54,0.7626262626262627,0.6510416666666667,0.3551401869158879,0.5797101449275363,0.20696557245796632,0.125,0.09090909090909094,0.731405,0.137629,0.0945788,2,0.00572166,0.0159752,0.0673619,0.0356563,60
55,0.7626262626262627,0.6510416666666667,0.3551401869158879,0.5333333333333333,0.10408326661329059,0.125,0.09090909090909094,0.713543,0.172051,0.47054,96,0.00415064,0.975891,0.0593185,0.293769,89
56,0.5707070707070707,0.44270833333333337,0.43457943925233644,0.5420289855072464,0.4609020549773152,0.125,0.14040404040404042,0.832445,0.115961,0.0697326,90,0.00388852,0.827518,0.0108483,0.103931,94
57,0.38383838383838387,0.44661458333333337,0.5046728971962617,0.4869565217391304,0.6435815318921805,0.25,0.18888888888888888,0.878952,0.135737,0.0548822,76,0.00447983,0.941165,0.056257,0.0963387,2
58,0.3434343434343434,0.43489583333333337,0.4392523364485982,0.4231884057971015,0.6446490525753936,0.38125,0.18888888888888888,0.897027,0.12018,0.36972,61,0.00252246,0.916839,0.0679139,0.14032,96
59,0.4696969696969697,0.41666666666666663,0.43457943925233644,0.4695652173913043,0.49826527888977845,0.24375000000000002,0.16767676767676765,0.874458,0.0435465,0.255274,58,0.000555159,0.735273,0.0172266,0.0199953,7
60,0.2828282828282829,0.27994791666666663,0.514018691588785,0.31304347826086953,0.43648251934881244,0.575,0.23232323232323238,0.947493,0.0902474,0.247396,62,0.00873134,0.034752,0.0791437,0.0147587,66
61,0.36363636363636365,0.390625,0.4672897196261683,0.4521739130434783,0.5609821190285562,0.44375,0.24747474747474751,0.928012,0.102797,0.345527,32,0.00963932,0.14026,0.0112587,0.151278,7
62,0.40909090909090906,0.390625,0.5,0.48985507246376814,0.551774753135842,0.39375000000000004,0.17979797979797985,0.895935,0.125994,0.184058,62,0.00495868,0.340481,0.014661,0.163363,10
63,0.5656565656565656,0.53515625,0.39252336448598135,0.5391304347826087,0.4093941820122765,0.125,0.12828282828282833,0.828832,0.104569,0.158286,28,0.00238039,0.87847,0.0758672,0.344322,75
64,0.7626262626262627,0.453125,0.4439252336448598,0.527536231884058,0.4073925807312516,0.125,0.09090909090909094,0.819143,0.0957588,0.303346,73,0.00851212,0.265012,0.057072,0.128163,61
65,0.5757575757575757,0.5221354166666667,0.5,0.45507246376811594,0.5747264478249265,0.28125,0.1656565656565656,0.88489,0.060415,0.0405661,25,0.00946625,0.753704,0.0685455,0.0970649,61
66,0.7626262626262627,0.6510416666666667,0.3551401869158879,0.5333333333333333,0.10408326661329059,0.125,0.09090909090909094,0.712535,0.0116148,0.378608,5,0.00325349,0.991904,0.0809511,0.182113,5
67,0.35858585858585856,0.484375,0.4672897196261683,0.42898550724637685,0.539765145449693,0.23750000000000004,0.18080808080808086,0.866703,0.0207539,0.359079,86,0.00120981,0.927176,0.0133459,0.0534824,48
68,0.7626262626262627,0.5390625,0.43457943925233644,0.48985507246376814,0.2962369895916733,0.125,0.16969696969696968,0.797959,0.109545,0.235098,90,0.00411854,0.0948365,0.045379,0.446628,15
69,0.7626262626262627,0.6510416666666667,0.3551401869158879,0.5797101449275363,0.10408326661329059,0.125,0.09090909090909094,0.726232,0.0941531,0.231973,94,0.00888102,0.526449,0.0691451,0.242992,50
70,0.7626262626262627,0.5442708333333333,0.3551401869158879,0.4173913043478261,0.38977848945823323,0.125,0.09090909090909094,0.792373,0.175541,0.196186,29,0.00474348,0.208162,0.03025,0.358745,100
71,0.4040404040404041,0.4609375,0.5093457943925234,0.44637681159420295,0.632906325060048,0.36875,0.18080808080808086,0.898712,0.152064,0.454652,93,0.00535351,0.727946,0.034287,0.0651594,23
72,0.7626262626262627,0.6510416666666667,0.3551401869158879,0.5797101449275363,0.10408326661329059,0.125,0.09090909090909094,0.727902,0.16082,0.0365908,53,0.00442987,0.533067,0.0374658,0.492895,27
73,0.15656565656565657,0.23828125,0.514018691588785,0.4347826086956522,0.3129170002668802,0.675,0.2737373737373737,0.967185,0.0272859,0.0553615,38,0.00667006,0.112924,0.0762876,0.46308,56
74,0.7626262626262627,0.5403645833333333,0.4392523364485982,0.527536231884058,0.2061649319455564,0.125,0.09090909090909094,0.774628,0.133321,0.314023,57,0.00281786,0.480079,0.0622119,0.43663,1
75,0.7626262626262627,0.6510416666666667,0.3551401869158879,0.5420289855072464,0.10408326661329059,0.125,0.09090909090909094,0.76054,0.178227,0.0357537,53,0.00205857,0.907027,0.0970375,0.138266,38
76,0.7626262626262627,0.7161458333333333,0.36448598130841126,0.527536231884058,0.39057912997064315,0.125,0.09090909090909094,0.810829,0.101508,0.0736174,17,0.00329613,0.0918978,0.0352497,0.0867342,35
77,0.3939393939393939,0.41536458333333337,0.4532710280373832,0.48985507246376814,0.5233520149452895,0.25,0.16969696969696968,0.848571,0.0383233,0.284215,31,0.00273719,0.591585,0.0378068,0.250756,92
78,0.5909090909090908,0.5325520833333333,0.4719626168224299,0.45507246376811594,0.5249532959701094,0.125,0.12929292929292935,0.857011,0.105741,0.328663,2,0.00691303,0.399983,0.0113473,0.254233,7
79,0.7626262626262627,0.703125,0.3598130841121495,0.527536231884058,0.2060314918601548,0.125,0.1636363636363637,0.790172,0.0735193,0.160439,8,0.00188588,0.0865998,0.0560584,0.0163238,35
80,0.7626262626262627,0.6510416666666667,0.3551401869158879,0.5333333333333333,0.10408326661329059,0.125,0.09090909090909094,0.743122,0.0232029,0.161993,91,0.00619035,0.98886,0.0779571,0.124062,64
81,0.43939393939393945,0.43619791666666663,0.4439252336448598,0.47246376811594204,0.5172137710168134,0.38125,0.16666666666666663,0.900684,0.0641836,0.243889,41,0.00781785,0.787396,0.0413341,0.160565,28
82,0.26262626262626265,0.28125,0.47663551401869164,0.3710144927536232,0.4950627168401388,0.4625,0.24444444444444446,0.940163,0.103124,0.338682,97,0.00412297,0.515638,0.0787036,0.368727,96
83,0.09595959595959591,0.09375,0.3691588785046729,0.19999999999999996,0.27528689618361357,0.5875,0.13434343434343432,0.985859,0.0210991,0.389882,44,0.00295261,0.347521,0.063653,0.181274,24
84,0.2777777777777778,0.23697916666666663,0.4579439252336449,0.3739130434782608,0.39778489458233257,0.575,0.2606060606060606,0.952898,0.126644,0.335718,25,0.00563404,0.106284,0.0340099,0.460079,26
85,0.5404040404040404,0.44140625,0.514018691588785,0.4405797101449276,0.6290365625834,0.25,0.18585858585858583,0.870254,0.045832,0.375522,12,0.00839836,0.12139,0.0484154,0.300832,58
86,0.7626262626262627,0.6510416666666667,0.3551401869158879,0.5304347826086957,0.10408326661329059,0.125,0.09090909090909094,0.725564,0.128465,0.363985,41,0.00576882,0.328124,0.0262101,0.404116,95
87,0.7626262626262627,0.6510416666666667,0.3551401869158879,0.5333333333333333,0.10408326661329059,0.125,0.09090909090909094,0.718661,0.0490311,0.0211711,98,0.00815027,0.97889,0.0349158,0.0925333,20
88,0.7626262626262627,0.6510416666666667,0.4392523364485982,0.5217391304347826,0.2060314918601548,0.125,0.09090909090909094,0.75957,0.150733,0.46257,32,0.00160524,0.684416,0.0823309,0.338115,33
89,0.7626262626262627,0.5377604166666667,0.4392523364485982,0.5333333333333333,0.40685882038964505,0.125,0.09090909090909094,0.817261,0.0551152,0.0827965,86,0.00697606,0.258962,0.0707205,0.00776322,92
90,0.7626262626262627,0.6510416666666667,0.3551401869158879,0.5797101449275363,0.10408326661329059,0.125,0.09090909090909094,0.737063,0.0674132,0.122458,59,0.00486548,0.730904,0.0977555,0.282391,32
91,0.2222222222222222,0.23958333333333337,0.5186915887850467,0.38550724637681155,0.39631705364291436,0.48750000000000004,0.3171717171717172,0.957709,0.0495007,0.227931,77,0.00214626,0.652473,0.0630036,0.150339,83
92,0.015151515151515138,0.04036458333333337,0.23364485981308414,0.13913043478260867,0.12636776087536694,0.40625,0.07979797979797976,0.997167,0.127936,0.10239,23,0.000334115,0.280523,0.0731182,0.15629,23
93,0.5757575757575757,0.5247395833333333,0.485981308411215,0.5217391304347826,0.5230851347744863,0.23124999999999996,0.18080808080808086,0.833206,0.161627,0.236753,24,0.00829033,0.93495,0.0269714,0.37716,72
94,0.7626262626262627,0.71484375,0.4532710280373832,0.527536231884058,0.39831865492393914,0.125,0.11616161616161613,0.800018,0.123624,0.317647,91,0.000399764,0.542193,0.0407511,0.41325,14
95,0.7626262626262627,0.6510416666666667,0.3551401869158879,0.5304347826086957,0.10408326661329059,0.125,0.09090909090909094,0.728141,0.193126,0.325764,8,0.00530363,0.40984,0.0333736,0.0255212,68
96,0.18181818181818177,0.19791666666666663,0.44859813084112155,0.36811594202898545,0.33106485188150525,0.64375,0.26868686868686864,0.970113,0.0389043,0.479314,4,0.00170727,0.705817,0.0710448,0.406442,36
97,0.20707070707070707,0.1953125,0.5,0.30434782608695654,0.2930344275420337,0.63125,0.26161616161616164,0.958864,0.0123102,0.206349,21,0.00493654,0.538621,0.0960294,0.11866,2
98,0.31818181818181823,0.23177083333333337,0.5233644859813085,0.40289855072463765,0.4278089137977048,0.525,0.2676767676767676,0.948724,0.158627,0.0709479,65,0.00115199,0.346289,0.0937038,0.00591776,18
99,0.7626262626262627,0.5338541666666667,0.3551401869158879,0.536231884057971,0.20629837203095813,0.125,0.09090909090909094,0.783545,0.108987,0.232669,26,0.00236748,0.0364497,0.0928023,0.3576,37
100,0.7626262626262627,0.7122395833333333,0.3878504672897196,0.5420289855072464,0.5589805177475313,0.23124999999999996,0.16767676767676765,0.833893,0.183624,0.0683078,8,0.00395659,0.901325,0.019845,0.0910029,13
101,0.05555555555555558,0.08072916666666663,0.28971962616822433,0.255072463768116,0.174272751534561,0.38749999999999996,0.11717171717171715,0.995489,0.136422,0.315259,79,0.00276526,0.411868,0.0291778,0.130232,100
102,0.19696969696969702,0.25390625,0.43457943925233644,0.4318840579710145,0.44448892447291166,0.6625,0.24141414141414141,0.929665,0.00684482,0.193497,99,0.00599826,0.524115,0.0318535,0.412032,45
103,0.3282828282828283,0.51953125,0.5046728971962617,0.4492753623188406,0.5851347744862556,0.23124999999999996,0.1656565656565656,0.89301,0.147191,0.146618,52,0.00192374,0.469167,0.0220409,0.276461,67
104,0.24242424242424243,0.16927083333333337,0.4579439252336449,0.3710144927536232,0.35748598879103277,0.60625,0.24545454545454548,0.96629,0.134631,0.335028,22,0.00758105,0.394153,0.0209738,0.494459,59
105,0.7626262626262627,0.6510416666666667,0.3551401869158879,0.5333333333333333,0.10408326661329059,0.125,0.09090909090909094,0.758044,0.00242548,0.417685,59,0.00717335,0.835037,0.0684341,0.353642,3
106,0.7626262626262627,0.6510416666666667,0.3551401869158879,0.5304347826086957,0.10408326661329059,0.125,0.09090909090909094,0.739654,0.127195,0.24771,88,0.00712421,0.386461,0.0782618,0.337248,87
107,0.7626262626262627,0.6510416666666667,0.3551401869158879,0.5797101449275363,0.10408326661329059,0.125,0.09090909090909094,0.707634,0.0437453,0.121678,24,0.0091495,0.826171,0.0900546,0.11177,77
108,0.7626262626262627,0.6510416666666667,0.3551401869158879,0.5797101449275363,0.10408326661329059,0.125,0.09090909090909094,0.738722,0.167999,0.21689,73,0.000316024,0.457332,0.0816234,0.123659,70
109,0.7626262626262627,0.5143229166666667,0.3551401869158879,0.5333333333333333,0.20589805177475318,0.125,0.09090909090909094,0.777478,0.196597,0.481474,7,0.00427783,0.618658,0.0602657,0.0178858,81
110,0.7626262626262627,0.6510416666666667,0.3551401869158879,0.5797101449275363,0.10408326661329059,0.125,0.09090909090909094,0.717199,0.0832095,0.198269,30,0.00940235,0.738351,0.0492606,0.431032,94
111,0.7626262626262627,0.6510416666666667,0.3551401869158879,0.5304347826086957,0.10408326661329059,0.125,0.09090909090909094,0.735621,0.14232,0.294476,64,0.00471344,0.452062,0.0188278,0.167378,37
112,0.28787878787878785,0.39192708333333337,0.5,0.42028985507246375,0.6286362423271952,0.38749999999999996,0.18686868686868685,0.92023,0.0702732,0.00475489,91,0.00233473,0.42456,0.0760699,0.185855,91
113,0.7626262626262627,0.5416666666666667,0.3551401869158879,0.5391304347826087,0.2060314918601548,0.125,0.09090909090909094,0.780296,0.148547,0.438097,28,0.0020991,0.291012,0.0997171,0.309216,91
114,0.7626262626262627,0.6510416666666667,0.3551401869158879,0.5797101449275363,0.10408326661329059,0.125,0.09090909090909094,0.710198,0.00187917,0.194243,89,0.0058818,0.62225,0.0976494,0.258896,43
115,0.41414141414141414,0.43359375,0.5046728971962617,0.45797101449275357,0.6072858286629303,0.33125000000000004,0.18686868686868685,0.877957,0.156712,0.478294,99,0.00595858,0.558675,0.0194329,0.1523,98
116,0.43939393939393945,0.38541666666666663,0.4719626168224299,0.41159420289855075,0.6503869762476648,0.48124999999999996,0.1656565656565656,0.891959,0.040157,0.322706,13,0.00125116,0.818522,0.0155146,0.126107,52
117,0.7626262626262627,0.5286458333333333,0.3551401869158879,0.5391304347826087,0.20656525220176136,0.125,0.09090909090909094,0.782998,0.187842,0.0340487,34,0.00958936,0.0456337,0.0982784,0.172439,39
118,0.41414141414141414,0.42838541666666663,0.4953271028037384,0.48985507246376814,0.5581798772351214,0.475,0.20404040404040402,0.921219,0.169519,0.0277891,98,0.0042632,0.0735808,0.0935181,0.0418582,25
119,0.33838383838383834,0.43619791666666663,0.48130841121495327,0.49275362318840576,0.6294368828396051,0.36875,0.1707070707070707,0.899155,0.113731,0.289809,5,0.00392245,0.528668,0.0358797,0.360108,66
120,0.5757575757575757,0.44921875,0.43457943925233644,0.5304347826086957,0.4838537496663998,0.125,0.12727272727272732,0.843748,0.0537386,0.216083,17,0.0068051,0.842403,0.0712721,0.0930573,19
121,0.5858585858585859,0.5390625,0.4439252336448598,0.48115942028985503,0.5983453429410195,0.125,0.18181818181818177,0.856108,0.197821,0.36852,5,0.00707337,0.297473,0.0913799,0.089371,38
122,0.3939393939393939,0.43619791666666663,0.4392523364485982,0.4956521739130435,0.5144115292233786,0.23124999999999996,0.1636363636363637,0.862586,0.0259612,0.106599,53,0.00420525,0.0469755,0.0102633,0.414911,51
123,0.5808080808080809,0.44140625,0.44859813084112155,0.5246376811594202,0.4679743795036029,0.125,0.16969696969696968,0.843015,0.138226,0.226736,26,0.00374888,0.930557,0.0465652,0.0585268,36
124,0.3232323232323232,0.39973958333333337,0.49065420560747663,0.42028985507246375,0.5894048572191086,0.46875,0.19797979797979803,0.928996,0.16246,0.126497,65,0.000484529,0.9924,0.019694,0.225452,87
125,0.41414141414141414,0.5416666666666667,0.4252336448598131,0.4869565217391304,0.5575126768081131,0.38125,0.18282828282828278,0.903348,0.0560705,0.250311,45,0.00537266,0.238945,0.0130636,0.336252,88
126,0.3434343434343434,0.38802083333333337,0.43457943925233644,0.4782608695652174,0.5005337603416067,0.4125,0.18686868686868685,0.911997,0.132031,0.442768,80,0.00686629,0.215499,0.0526615,0.33339,6
127,0.33838383838383834,0.50390625,0.47663551401869164,0.5072463768115942,0.6172938350680545,0.375,0.18686868686868685,0.90222,0.156444,0.482317,78,0.00353224,0.72066,0.0650673,0.141332,28
128,0.41414141414141414,0.40104166666666663,0.4532710280373832,0.45797101449275357,0.6088871096877502,0.38125,0.18686868686868685,0.867271,0.133088,0.351466,47,0.00812023,0.86183,0.0794877,0.355447,18
129,0.7626262626262627,0.6510416666666667,0.3551401869158879,0.5797101449275363,0.10408326661329059,0.125,0.09090909090909094,0.740625,0.028531,0.0812172,48,0.00107667,0.530297,0.0475954,0.483225,82
130,0.40909090909090906,0.36848958333333337,0.4953271028037384,0.4521739130434783,0.5685882038964505,0.475,0.19898989898989894,0.925596,0.0729665,0.0742955,84,0.00387236,0.166927,0.058733,0.383094,44
131,0.3232323232323232,0.42447916666666663,0.4579439252336449,0.4608695652173913,0.4919935948759008,0.53125,0.22323232323232323,0.936594,0.118107,0.222713,44,0.0010202,0.23708,0.0140359,0.120827,16
132,0.4747474747474747,0.4609375,0.4532710280373832,0.5043478260869565,0.5685882038964505,0.25625,0.1838383838383838,0.864827,0.183269,0.361263,29,0.00150876,0.726249,0.0490183,0.142764,4
133,0.7626262626262627,0.7174479166666667,0.43457943925233644,0.5246376811594202,0.2068321323725647,0.125,0.09090909090909094,0.768318,0.0955686,0.116829,82,0.00749484,0.812641,0.0233316,0.301911,66
134,0.7626262626262627,0.6510416666666667,0.3551401869158879,0.5797101449275363,0.10408326661329059,0.125,0.09090909090909094,0.701449,0.0701821,0.26423,17,0.00677795,0.282413,0.0985076,0.318773,92
135,0.7626262626262627,0.5169270833333333,0.4392523364485982,0.5217391304347826,0.5286896183613558,0.125,0.16767676767676765,0.835155,0.122857,0.00195891,30,0.00315994,0.896424,0.0110555,0.0721999,44
136,0.7626262626262627,0.5247395833333333,0.35046728971962615,0.5391304347826087,0.45089404857219106,0.125,0.09090909090909094,0.826231,0.0614622,0.107556,45,0.00492759,0.661495,0.0990456,0.047913,21
137,0.16666666666666663,0.15364583333333337,0.5093457943925234,0.3739130434782608,0.31051507872965034,0.6125,0.2656565656565657,0.974082,0.14887,0.396152,20,0.00416172,0.447379,0.0784,0.170397,80
138,0.7626262626262627,0.5286458333333333,0.3551401869158879,0.536231884057971,0.30757939685081404,0.125,0.09090909090909094,0.779978,0.124318,0.0290439,19,0.00961381,0.222072,0.0865494,0.146726,96
139,0.43939393939393945,0.7109375,0.4439252336448598,0.5072463768115942,0.5860688550840673,0.25,0.16969696969696968,0.878551,0.176841,0.350101,23,0.00333608,0.887759,0.0185081,0.18559,9
140,0.12121212121212122,0.12890625,0.3551401869158879,0.35072463768115947,0.2691486522551374,0.6125,0.1636363636363637,0.985803,0.145875,0.380088,33,0.00609776,0.0109175,0.0421396,0.174185,62
141,0.7626262626262627,0.6510416666666667,0.3551401869158879,0.5797101449275363,0.10408326661329059,0.125,0.09090909090909094,0.702553,0.159931,0.308354,39,0.00903298,0.498521,0.0402053,0.444362,26
142,0.16666666666666663,0.13541666666666663,0.4672897196261683,0.2579710144927536,0.28075793968508145,0.625,0.19797979797979803,0.979181,0.0384135,0.130273,59,0.00176926,0.382689,0.0468926,0.238055,31
143,0.7626262626262627,0.6510416666666667,0.3551401869158879,0.5797101449275363,0.10408326661329059,0.125,0.09090909090909094,0.7087,0.0482827,0.10466,97,0.00612492,0.229315,0.0849701,0.243718,54
144,0.23737373737373735,0.23697916666666663,0.42056074766355145,0.4231884057971015,0.4767814251401121,0.4625,0.2282828282828283,0.938562,0.112913,0.251671,43,0.00349293,0.559387,0.0187305,0.269834,27
145,0.5858585858585859,0.5247395833333333,0.42056074766355145,0.4521739130434783,0.3987189751801441,0.23750000000000004,0.16969696969696968,0.85392,0.174462,0.238219,49,0.00891095,0.748882,0.0450563,0.0546198,49
146,0.7626262626262627,0.54296875,0.43457943925233644,0.5304347826086957,0.3893781692020283,0.125,0.09090909090909094,0.802605,0.130036,0.128481,2,0.00944878,0.595195,0.070882,0.279897,53
147,0.7626262626262627,0.5442708333333333,0.4439252336448598,0.5420289855072464,0.5174806511876168,0.23750000000000004,0.13030303030303025,0.841073,0.0761796,0.443607,1,0.0036777,0.39649,0.060058,0.280486,38
148,0.7626262626262627,0.5325520833333333,0.3551401869158879,0.5304347826086957,0.2068321323725647,0.125,0.09090909090909094,0.776815,0.00946365,0.197278,15,0.00852384,0.540843,0.0439347,0.42464,9
149,0.28787878787878785,0.33723958333333337,0.514018691588785,0.3101449275362319,0.44649052575393644,0.49375,0.2272727272727273,0.942461,0.0253477,0.104828,94,0.0041845,0.128832,0.0652536,0.318048,54
150,0.21212121212121215,0.30729166666666663,0.514018691588785,0.3971014492753623,0.3851080864691754,0.60625,0.2707070707070707,0.959604,0.137203,0.00920401,54,0.00508511,0.66597,0.0645573,0.0438703,22
151,0.7626262626262627,0.6510416666666667,0.3551401869158879,0.527536231884058,0.10408326661329059,0.125,0.09090909090909094,0.725008,0.0443661,0.288421,56,0.00561215,0.158692,0.0124934,0.457959,71
152,0.7626262626262627,0.71484375,0.3598130841121495,0.527536231884058,0.43381371764077925,0.125,0.11717171717171715,0.812057,0.101879,0.214605,57,0.00106444,0.928957,0.0576989,0.171143,13
153,0.7626262626262627,0.5807291666666667,0.4439252336448598,0.5304347826086957,0.32465972778222574,0.25,0.1656565656565656,0.834766,0.0546174,0.0188729,81,0.00668863,0.636312,0.0376168,0.14924,8
154,0.7626262626262627,0.5442708333333333,0.3551401869158879,0.5333333333333333,0.10408326661329059,0.125,0.09090909090909094,0.764195,0.00726256,0.385217,31,0.0067594,0.111032,0.0944038,0.199776,82
155,0.2222222222222222,0.30598958333333337,0.49065420560747663,0.4405797101449276,0.3819055244195356,0.5625,0.2404040404040404,0.955488,0.0679161,0.0112025,93,0.00435576,0.92528,0.0503071,0.266332,54
156,0.15656565656565657,0.26822916666666663,0.5093457943925234,0.4521739130434783,0.41953562850280224,0.48750000000000004,0.32020202020202015,0.954642,0.0596217,0.29385,22,0.00928418,0.905413,0.0307092,0.275179,90
157,0.35858585858585856,0.38020833333333337,0.5,0.4347826086956522,0.6071523885775287,0.50625,0.19191919191919193,0.91964,0.18643,0.333062,3,0.00390552,0.142556,0.0510576,0.392118,65
158,0.33838383838383834,0.55859375,0.5093457943925234,0.48985507246376814,0.5150787296503869,0.33125000000000004,0.16969696969696968,0.867638,0.165547,0.0986589,74,0.00525817,0.669327,0.024087,0.148097,56
159,0.5404040404040404,0.44791666666666663,0.43457943925233644,0.518840579710145,0.4073925807312516,0.25,0.14040404040404042,0.834081,0.0126912,0.04243,50,0.0021625,0.0754941,0.0175548,0.485552,82
160,0.7626262626262627,0.42578125,0.43457943925233644,0.5304347826086957,0.3832399252735522,0.125,0.09090909090909094,0.798881,0.0161752,0.0871462,59,0.00582486,0.256848,0.0648645,0.377715,49
161,0.7626262626262627,0.5546875,0.43457943925233644,0.527536231884058,0.38057112356551903,0.125,0.09090909090909094,0.802235,0.184374,0.30553,58,0.0063855,0.314045,0.04266,0.175629,72
162,0.15656565656565657,0.1171875,0.47663551401869164,0.3101449275362319,0.3145182812917,0.6,0.19898989898989894,0.981023,0.0769598,0.0612815,66,0.000581295,0.570334,0.0808603,0.0763131,16
163,0.7626262626262627,0.6510416666666667,0.3551401869158879,0.5797101449275363,0.10408326661329059,0.125,0.09090909090909094,0.734146,0.0753259,0.0300309,61,0.00196047,0.473938,0.078862,0.388807,10
164,0.7626262626262627,0.6510416666666667,0.3551401869158879,0.5797101449275363,0.10408326661329059,0.125,0.1383838383838384,0.703235,0.0888342,0.110016,43,0.000877601,0.172167,0.0224559,0.332853,41
165,0.7626262626262627,0.71875,0.3551401869158879,0.5391304347826087,0.38003736322391246,0.23124999999999996,0.13131313131313127,0.795243,0.00266526,0.367844,41,0.00454028,0.586241,0.0330401,0.34295,95
166,0.20707070707070707,0.24348958333333337,0.4579439252336449,0.408695652173913,0.46277021617293834,0.6625,0.23333333333333328,0.930497,0.0042034,0.141773,63,0.000627512,0.383886,0.0752603,0.0327249,33
167,0.3484848484848485,0.35807291666666663,0.4719626168224299,0.3710144927536232,0.5691219642380572,0.5125,0.18181818181818177,0.922053,0.0952773,0.151252,33,0.000933516,0.427887,0.0164477,0.364109,57
168,0.7626262626262627,0.5169270833333333,0.43457943925233644,0.4869565217391304,0.48465439017880974,0.24375000000000002,0.09090909090909094,0.813246,0.178864,0.273479,72,0.00327139,0.74731,0.0365622,0.374002,22
169,0.7626262626262627,0.6640625,0.3691588785046729,0.5043478260869565,0.306778756338404,0.125,0.09090909090909094,0.805943,0.0695763,0.388112,67,0.00018325,0.811793,0.0161787,0.0871301,46
170,0.7626262626262627,0.5208333333333333,0.4532710280373832,0.5333333333333333,0.38283960501734726,0.125,0.09090909090909094,0.812893,0.074894,0.445418,51,0.00659672,0.162311,0.0525594,0.405762,48
171,0.7626262626262627,0.5364583333333333,0.3551401869158879,0.5333333333333333,0.2981051507872965,0.125,0.14040404040404042,0.787702,0.129684,0.4944,77,0.00881455,0.333137,0.0668246,0.153136,2
172,0.297979797979798,0.25911458333333337,0.4252336448598131,0.4318840579710145,0.5318921804109955,0.53125,0.23030303030303034,0.937816,0.164653,0.212839,76,0.00331809,0.354022,0.020215,0.106417,10
173,0.07070707070707072,0.06510416666666663,0.3691588785046729,0.16521739130434787,0.2153722978382706,0.54375,0.16161616161616166,0.991678,0.0413368,0.463489,78,0.00912099,0.0806573,0.0632148,0.105187,50
174,0.7626262626262627,0.6510416666666667,0.3551401869158879,0.5797101449275363,0.10408326661329059,0.125,0.09090909090909094,0.721637,0.0270907,0.496385,74,0.00199317,0.157548,0.0533238,0.498203,65
175,0.5707070707070707,0.40104166666666663,0.47663551401869164,0.49275362318840576,0.6613290632506005,0.35,0.18484848484848482,0.882549,0.0858159,0.313211,89,0.00797637,0.606667,0.0721488,0.469529,86
176,0.5757575757575757,0.421875,0.4719626168224299,0.46376811594202894,0.6361088871096878,0.34375,0.12828282828282833,0.859295,0.0149419,0.139009,96,0.0026403,0.848247,0.0715657,0.378564,10
177,0.297979797979798,0.30598958333333337,0.47663551401869164,0.4434782608695652,0.49613023752335206,0.35,0.20505050505050504,0.93616,0.168517,0.480681,71,0.00484109,0.871411,0.0853318,0.0610483,87
178,0.297979797979798,0.20963541666666663,0.4532710280373832,0.42898550724637685,0.42727515345609823,0.59375,0.2828282828282829,0.932534,0.0169528,0.262913,69,0.00860182,0.704416,0.0942153,0.270874,12
179,0.7626262626262627,0.6354166666666667,0.397196261682243,0.5420289855072464,0.3470776621297038,0.125,0.14242424242424245,0.806656,0.0807138,0.272268,30,0.000869417,0.429966,0.0117692,0.311253,99
180,0.7626262626262627,0.6510416666666667,0.3551401869158879,0.536231884057971,0.10408326661329059,0.125,0.09090909090909094,0.739127,0.0800561,0.0152637,20,0.00593299,0.764137,0.0538861,0.452233,17
181,0.4292929292929293,0.43619791666666663,0.47663551401869164,0.5420289855072464,0.6343741659994662,0.31875,0.18484848484848482,0.897879,0.172273,0.00575725,17,0.00335933,0.401639,0.0620143,0.276156,73
182,0.7626262626262627,0.71484375,0.3551401869158879,0.5304347826086957,0.20576461168935145,0.125,0.09090909090909094,0.766504,0.179219,0.398726,9,0.00913669,0.100575,0.0300959,0.274343,73
183,0.41414141414141414,0.45963541666666663,0.5093457943925234,0.47246376811594204,0.600480384307446,0.26875000000000004,0.18686868686868685,0.905167,0.117716,0.0432696,24,0.00456581,0.702369,0.0724957,0.176154,34
184,0.7626262626262627,0.51171875,0.3878504672897196,0.5246376811594202,0.46343741659994664,0.23124999999999996,0.09090909090909094,0.803002,0.180252,0.380385,73,0.000989585,0.707882,0.0252192,0.209516,74
185,0.40909090909090906,0.45182291666666663,0.4532710280373832,0.5101449275362319,0.5829997331198292,0.125,0.18787878787878787,0.875753,0.0981473,0.156843,44,0.00168967,0.555822,0.0566346,0.317347,16
186,0.7626262626262627,0.6901041666666667,0.44859813084112155,0.5159420289855072,0.20629837203095813,0.125,0.09090909090909094,0.788916,0.0578108,0.447371,83,0.000249664,0.308104,0.084128,0.256707,98
187,0.4747474747474747,0.42317708333333337,0.485981308411215,0.46376811594202894,0.5246864157993061,0.34375,0.1646464646464646,0.89834,0.19169,0.11523,72,0.00210958,0.623713,0.0486318,0.319581,31
188,0.7626262626262627,0.6510416666666667,0.3551401869158879,0.5797101449275363,0.10408326661329059,0.125,0.09090909090909094,0.706594,0.0869566,0.455259,33,0.00261174,0.368682,0.0689015,0.219828,86
189,0.7626262626262627,0.6184895833333333,0.36448598130841126,0.5304347826086957,0.2060314918601548,0.125,0.09090909090909094,0.790377,0.093123,0.491989,33,0.00142171,0.956734,0.0662843,0.369365,58
190,0.7626262626262627,0.5390625,0.3551401869158879,0.5304347826086957,0.4029890579129971,0.125,0.12727272727272732,0.800553,0.147574,0.111547,36,0.00460348,0.425497,0.0740509,0.0422185,27
191,0.07070707070707072,0.05989583333333337,0.3317757009345794,0.1942028985507246,0.19669068588203897,0.4625,0.12424242424242427,0.993763,0.110774,0.331815,75,0.00921652,0.449979,0.0927829,0.420446,40
192,0.28787878787878785,0.29036458333333337,0.5186915887850467,0.46376811594202894,0.4758473445423005,0.525,0.2272727272727273,0.940419,0.0794261,0.316266,83,0.00432712,0.356752,0.0699863,0.384117,94
193,0.7626262626262627,0.6510416666666667,0.3551401869158879,0.5797101449275363,0.10408326661329059,0.125,0.09090909090909094,0.73304,0.158419,0.276756,11,0.0084285,0.00378679,0.0123318,0.113358,52
194,0.7626262626262627,0.7135416666666667,0.4439252336448598,0.5333333333333333,0.410728582866293,0.125,0.14343434343434347,0.808004,0.119685,0.40103,39,0.00767054,0.587188,0.0183619,0.32061,6
195,0.7626262626262627,0.6510416666666667,0.3551401869158879,0.536231884057971,0.10408326661329059,0.125,0.09090909090909094,0.755848,0.101026,0.299542,91,0.00308341,0.632661,0.0972654,0.233504,41
196,0.7626262626262627,0.6510416666666667,0.3551401869158879,0.5797101449275363,0.10408326661329059,0.125,0.09090909090909094,0.72936,0.182426,0.0134228,65,0.00949585,0.889644,0.0935751,0.479967,7
197,0.7626262626262627,0.5377604166666667,0.3691588785046729,0.5072463768115942,0.40338937816920206,0.125,0.1636363636363637,0.823933,0.185822,0.124717,20,0.0012848,0.639718,0.0515087,0.227325,55
198,0.2222222222222222,0.23697916666666663,0.4579439252336449,0.4231884057971015,0.4187349879903923,0.55625,0.31818181818181823,0.945737,0.0246652,0.37759,54,0.00758788,0.321609,0.0354413,0.412282,63
199,0.19191919191919193,0.234375,0.5046728971962617,0.4318840579710145,0.35028022417934346,0.54375,0.24343434343434345,0.963717,0.0599971,0.257423,1,0.0057248,0.275012,0.0573643,0.365942,18
200,0.7626262626262627,0.6510416666666667,0.3551401869158879,0.5304347826086957,0.10408326661329059,0.125,0.09090909090909094,0.72398,0.186963,0.426642,96,0.00134279,0.316032,0.0727726,0.441292,66
201,0.19191919191919193,0.203125,0.4579439252336449,0.2985507246376812,0.3653589538297305,0.65625,0.2545454545454545,0.956248,0.0307247,0.18083,69,0.000669988,0.713648,0.0798093,0.00203919,75
202,0.2525252525252525,0.171875,0.49065420560747663,0.35942028985507246,0.33533493461435815,0.5,0.29292929292929293,0.963725,0.0999558,0.254028,80,0.00266951,0.885881,0.0180682,0.158703,39
203,0.7626262626262627,0.546875,0.36448598130841126,0.5391304347826087,0.2989057912997064,0.125,0.09090909090909094,0.793776,0.155447,0.464544,11,0.0085792,0.108214,0.097448,0.310226,36
204,0.25757575757575757,0.26041666666666663,0.4953271028037384,0.4434782608695652,0.4121964238057112,0.58125,0.2898989898989899,0.95039,0.194329,0.299265,11,0.00966829,0.785244,0.0998794,0.324437,12
205,0.4191919191919192,0.32942708333333337,0.4532710280373832,0.45507246376811594,0.6593274619695757,0.25,0.18787878787878787,0.894292,0.0593003,0.0484684,4,0.00635638,0.262551,0.0924173,0.101559,39
206,0.5808080808080809,0.5390625,0.4532710280373832,0.527536231884058,0.48545503069121965,0.125,0.16868686868686866,0.849556,0.170135,0.0536569,64,0.00380767,0.719796,0.072421,0.285126,56
207,0.7626262626262627,0.36458333333333337,0.4439252336448598,0.5304347826086957,0.5093408059781158,0.125,0.1333333333333333,0.818322,0.116098,0.345042,47,0.00799108,0.185261,0.0129599,0.216858,60
208,0.5909090909090908,0.4375,0.4719626168224299,0.49275362318840576,0.3470776621297038,0.24375000000000002,0.13737373737373737,0.837863,0.0348399,0.00753142,88,0.0016436,0.98799,0.0287851,0.0449992,51
209,0.21212121212121215,0.20052083333333337,0.5,0.2927536231884058,0.3159861222311182,0.6625,0.24848484848484853,0.964676,0.196869,0.374689,94,0.00553775,0.454932,0.0280681,0.190316,51
210,0.7626262626262627,0.6510416666666667,0.3551401869158879,0.5797101449275363,0.10408326661329059,0.125,0.09090909090909094,0.71177,0.12474,0.431096,68,0.00514015,0.718138,0.0552479,0.338666,20
211,0.3232323232323232,0.33984375,0.44859813084112155,0.4956521739130435,0.5872698158526821,0.38125,0.19090909090909092,0.908999,0.110275,0.376596,5,0.00958255,0.773304,0.0895961,0.35051,59
212,0.5858585858585859,0.4453125,0.4299065420560748,0.48985507246376814,0.6262343207899653,0.275,0.17575757575757578,0.872846,0.0734336,0.163141,2,0.00213308,0.49486,0.0850725,0.455714,5
213,0.7626262626262627,0.71875,0.43457943925233644,0.4869565217391304,0.39978649586335735,0.23124999999999996,0.17979797979797985,0.827875,0.106585,0.119377,53,0.00441252,0.862413,0.0430611,0.422986,9
214,0.7626262626262627,0.6510416666666667,0.3551401869158879,0.5246376811594202,0.10408326661329059,0.125,0.09090909090909094,0.75555,0.0643173,0.277524,48,0.00468051,0.0713844,0.032924,0.20546,95
215,0.11616161616161613,0.08723958333333337,0.39252336448598135,0.17971014492753623,0.24392847611422475,0.5375,0.13636363636363635,0.989828,0.154887,0.425899,28,0.00934212,0.803328,0.0512794,0.478532,61
216,0.40909090909090906,0.43229166666666663,0.5093457943925234,0.4869565217391304,0.6677341873498799,0.4,0.18787878787878787,0.888213,0.0148655,0.438724,58,0.00190472,0.463759,0.0848225,0.257535,53
217,0.7626262626262627,0.7135416666666667,0.43457943925233644,0.5217391304347826,0.2066986922871631,0.125,0.09090909090909094,0.76921,0.195507,0.0999409,89,0.00401346,0.339166,0.0138451,0.389725,93
218,0.7626262626262627,0.6510416666666667,0.3551401869158879,0.5797101449275363,0.10408326661329059,0.125,0.09090909090909094,0.742994,0.148234,0.432478,7,0.000267834,0.466819,0.0562656,0.19399,36
219,0.4191919191919192,0.39583333333333337,0.5,0.4347826086956522,0.6223645583133173,0.125,0.13030303030303025,0.88197,0.139642,0.0767498,70,0.00940912,0.761682,0.0216945,0.289988,6
220,0.0757575757575758,0.09635416666666663,0.3551401869158879,0.26086956521739135,0.2699492927675474,0.5875,0.13737373737373737,0.989272,0.0996471,0.092414,22,0.0098719,0.710997,0.0418244,0.272463,40
221,0.7626262626262627,0.5299479166666667,0.485981308411215,0.4695652173913043,0.484520950093408,0.25,0.1646464646464646,0.842118,0.0316227,0.439959,9,0.00714857,0.511727,0.0837751,0.0619487,97
222,0.7626262626262627,0.6510416666666667,0.3551401869158879,0.527536231884058,0.10408326661329059,0.125,0.09090909090909094,0.752916,0.170922,0.136918,42,0.00129505,0.823779,0.0508649,0.161774,98
223,0.7626262626262627,0.5403645833333333,0.35046728971962615,0.536231884057971,0.2060314918601548,0.125,0.09090909090909094,0.778822,0.102253,0.0392135,92,0.00475657,0.600462,0.094899,0.447701,50
224,0.7626262626262627,0.6510416666666667,0.3551401869158879,0.5304347826086957,0.10408326661329059,0.125,0.09090909090909094,0.766023,0.175139,0.240164,100,0.00405201,0.758376,0.0946434,0.0215991,29
225,0.7626262626262627,0.6510416666666667,0.3551401869158879,0.5797101449275363,0.10408326661329059,0.125,0.09090909090909094,0.717578,0.0989903,0.435926,27,0.00665112,0.041627,0.0771804,0.107388,4
226,0.303030303030303,0.21744791666666663,0.49065420560747663,0.5101449275362319,0.49039231385108084,0.50625,0.26969696969696966,0.952224,0.066232,0.113954,85,0.00112717,0.820508,0.0470724,0.481053,24
227,0.3484848484848485,0.5091145833333333,0.44859813084112155,0.45507246376811594,0.6570589805177476,0.31875,0.18787878787878787,0.894928,0.159738,0.165366,36,0.00534458,0.305164,0.0889477,0.245211,62
228,0.7626262626262627,0.6510416666666667,0.3551401869158879,0.5333333333333333,0.10408326661329059,0.125,0.09090909090909094,0.75895,0.0874408,0.149391,24,0.00297917,0.680192,0.0829509,0.364707,59
229,0.7626262626262627,0.6510416666666667,0.3551401869158879,0.527536231884058,0.10408326661329059,0.125,0.09090909090909094,0.722345,0.167131,0.0793082,97,0.00908825,0.572744,0.0643261,0.402231,23
230,0.38888888888888884,0.51953125,0.4953271028037384,0.5391304347826087,0.6311716039498265,0.24375000000000002,0.13636363636363635,0.863541,0.126847,0.135306,45,0.00690555,0.201662,0.0995909,0.396678,25
231,0.7626262626262627,0.5299479166666667,0.3551401869158879,0.5159420289855072,0.2061649319455564,0.125,0.09090909090909094,0.762953,0.0416315,0.397578,69,0.00973968,0.745289,0.0335603,0.314165,33
232,0.7626262626262627,0.5520833333333333,0.36448598130841126,0.5246376811594202,0.2981051507872965,0.125,0.09090909090909094,0.794643,0.108022,0.445028,47,0.00950813,0.854134,0.03794,0.249579,8
233,0.7626262626262627,0.6510416666666667,0.3551401869158879,0.5797101449275363,0.10408326661329059,0.125,0.09090909090909094,0.714791,0.0119027,0.176644,52,0.00748159,0.799562,0.0827313,0.467975,99
234,0.7626262626262627,0.6510416666666667,0.3551401869158879,0.5797101449275363,0.10408326661329059,0.125,0.09090909090909094,0.705822,0.0940366,0.0501493,99,0.00845727,0.816589,0.0192163,0.410396,53
235,0.15656565656565657,0.13151041666666663,0.40654205607476634,0.36811594202898545,0.30624499599679744,0.6,0.18080808080808086,0.983532,0.103754,0.265375,3,0.0014326,0.663142,0.0518992,0.360598,40
236,0.7626262626262627,0.58984375,0.3551401869158879,0.5391304347826087,0.20549773151854822,0.125,0.09090909090909094,0.771552,0.0479633,0.0145984,40,0.00301043,0.894899,0.0226285,0.220578,16
237,0.2272727272727273,0.29166666666666663,0.5186915887850467,0.4144927536231884,0.4480918067787564,0.625,0.28181818181818186,0.94345,0.0534195,0.448931,68,0.00560193,0.567804,0.0799475,0.198312,22
238,0.13131313131313127,0.12890625,0.4112149532710281,0.24637681159420288,0.27648785695222844,0.66875,0.18686868686868685,0.984546,0.134027,0.390328,45,0.00743576,0.301191,0.0717564,0.370374,58
239,0.3434343434343434,0.40234375,0.48130841121495327,0.5014492753623188,0.6198291966906859,0.4,0.23131313131313136,0.91253,0.0465691,0.387091,55,0.000958034,0.0984035,0.0578272,0.439667,35
240,0.303030303030303,0.5078125,0.4392523364485982,0.4521739130434783,0.5904723779023219,0.36875,0.18787878787878787,0.913729,0.116428,0.336333,63,0.00247863,0.603078,0.0254962,0.155602,14
241,0.26262626262626265,0.33203125,0.5,0.408695652173913,0.4914598345342941,0.475,0.19999999999999996,0.931215,0.0648354,0.202078,16,0.00224088,0.0613539,0.0170718,0.486843,48
242,0.10606060606060608,0.10026041666666663,0.42056074766355145,0.23188405797101452,0.26874833199893244,0.5375,0.16262626262626267,0.987871,0.0849366,0.15293,68,0.0046549,0.178977,0.0956377,0.306535,89
243,0.7626262626262627,0.5403645833333333,0.4392523364485982,0.5391304347826087,0.39911929543634905,0.125,0.12525252525252528,0.820393,0.195153,0.090907,38,0.00835187,0.318732,0.0844044,0.32765,61
244,0.7626262626262627,0.7135416666666667,0.4532710280373832,0.536231884057971,0.40685882038964505,0.125,0.09090909090909094,0.807479,0.1893,0.148002,63,0.000732191,0.50981,0.0545017,0.417947,68
245,0.7626262626262627,0.6510416666666667,0.3551401869158879,0.5333333333333333,0.10408326661329059,0.125,0.09090909090909094,0.749654,0.017774,0.0526634,14,0.00360801,0.0505553,0.0644887,0.0667682,85
246,0.7626262626262627,0.7135416666666667,0.4579439252336449,0.5246376811594202,0.5441686682679476,0.25,0.18181818181818177,0.836477,0.0633283,0.305052,67,0.00778121,0.285253,0.016895,0.18035,31
247,0.13131313131313127,0.12239583333333337,0.485981308411215,0.3652173913043478,0.3277288497464639,0.55625,0.16868686868686866,0.985107,0.0346539,0.0839741,77,0.000102803,0.253449,0.0870728,0.00195958,5
248,0.7626262626262627,0.6510416666666667,0.3551401869158879,0.5391304347826087,0.20696557245796632,0.125,0.09090909090909094,0.757196,0.0184186,0.352989,34,0.000443717,0.532541,0.0665631,0.114507,79
249,0.5909090909090908,0.5143229166666667,0.43457943925233644,0.44637681159420295,0.5344275420336269,0.25,0.13030303030303025,0.859715,0.0404693,0.497608,27,0.00243157,0.261069,0.0223866,0.400802,17
250,0.7626262626262627,0.6510416666666667,0.3551401869158879,0.5797101449275363,0.10408326661329059,0.125,0.09090909090909094,0.720196,0.17307,0.300558,48,0.00989991,0.833599,0.0237749,0.268857,46
251,0.7626262626262627,0.6510416666666667,0.3551401869158879,0.527536231884058,0.10408326661329059,0.125,0.09090909090909094,0.709636,0.0686933,0.132861,70,0.00902718,0.77762,0.0257142,0.0712525,3
252,0.7626262626262627,0.48046875,0.4532710280373832,0.4521739130434783,0.49386175607152394,0.23124999999999996,0.18181818181818177,0.850384,0.121503,0.217727,95,0.00703844,0.597812,0.0789768,0.028655,64
253,0.7626262626262627,0.6510416666666667,0.3551401869158879,0.5304347826086957,0.10408326661329059,0.125,0.09090909090909094,0.732304,0.0657928,0.326576,14,0.00876,0.219087,0.0949631,0.145462,72
254,0.7626262626262627,0.71484375,0.4439252336448598,0.5333333333333333,0.4088604216706698,0.125,0.13434343434343432,0.821284,0.0339945,0.467707,7,0.00923984,0.915301,0.0258844,0.232167,44
255,0.7626262626262627,0.53125,0.3551401869158879,0.5333333333333333,0.10408326661329059,0.125,0.09090909090909094,0.764998,0.0376115,0.458753,35,0.00182967,0.00530936,0.0746707,0.21018,72
256,0.7626262626262627,0.5377604166666667,0.43457943925233644,0.518840579710145,0.3837736856151588,0.125,0.09090909090909094,0.809352,0.0820281,0.179709,55,0.00578965,0.68713,0.0748731,0.371358,2
257,0.29292929292929293,0.32552083333333337,0.4532710280373832,0.48405797101449277,0.5691219642380572,0.40625,0.18686868686868685,0.922681,0.0812834,0.412686,13,0.00556204,0.335184,0.0756762,0.298504,47
258,0.7626262626262627,0.5403645833333333,0.4953271028037384,0.5246376811594202,0.4044568988524153,0.125,0.16767676767676765,0.851289,0.16199,0.126775,67,0.00174553,0.577402,0.0653802,0.38627,86
259,0.7626262626262627,0.6510416666666667,0.43457943925233644,0.5391304347826087,0.10408326661329059,0.125,0.09090909090909094,0.728914,0.0296242,0.221287,79,0.00132228,0.137928,0.0360084,0.493984,83
260,0.13636363636363635,0.1328125,0.3878504672897196,0.26086956521739135,0.2747531358420069,0.6375,0.1717171717171717,0.983133,0.105225,0.261916,36,0.00953928,0.179799,0.0875905,0.454474,41
261,0.7626262626262627,0.6510416666666667,0.3551401869158879,0.5217391304347826,0.10408326661329059,0.125,0.09090909090909094,0.737538,0.0109924,0.472123,88,0.00289092,0.972231,0.0566033,0.296002,90
262,0.7626262626262627,0.5807291666666667,0.44859813084112155,0.536231884057971,0.39978649586335735,0.24375000000000002,0.09090909090909094,0.826163,0.0185531,0.0285894,99,0.00229622,0.302876,0.0669682,0.201935,67
263,0.7626262626262627,0.7161458333333333,0.397196261682243,0.5246376811594202,0.4051240992794235,0.125,0.09090909090909094,0.811293,0.119025,0.00629941,27,0.0050142,0.0858085,0.0326478,0.47161,79
264,0.7626262626262627,0.53125,0.3551401869158879,0.536231884057971,0.10408326661329059,0.125,0.09090909090909094,0.769466,0.144178,0.167088,45,0.00368901,0.795787,0.0929859,0.0793141,34
265,0.7626262626262627,0.6510416666666667,0.3551401869158879,0.527536231884058,0.10408326661329059,0.125,0.09090909090909094,0.751062,0.184046,0.276392,99,0.00804044,0.976242,0.0714079,0.0304675,21
266,0.0505050505050505,0.09114583333333337,0.3457943925233645,0.17391304347826086,0.18601547904990656,0.48124999999999996,0.11111111111111116,0.994866,0.12798,0.0970763,97,0.00311443,0.153049,0.0533881,0.34915,49
267,0.21212121212121215,0.21354166666666663,0.40654205607476634,0.43768115942028984,0.5033360021350414,0.5625,0.2737373737373737,0.94493,0.0266229,0.123608,62,0.00359981,0.195127,0.0416775,0.306254,59
268,0.7626262626262627,0.6510416666666667,0.3551401869158879,0.5797101449275363,0.10408326661329059,0.125,0.09090909090909094,0.702063,0.111911,0.203725,70,0.000768756,0.293786,0.0343958,0.470516,89
269,0.12121212121212122,0.1171875,0.43457943925233644,0.3536231884057971,0.2995729917267147,0.64375,0.18686868686868685,0.982824,0.0803189,0.384072,81,0.0010449,0.800771,0.0274923,0.233572,84
270,0.3787878787878788,0.5403645833333333,0.49065420560747663,0.5391304347826087,0.6176941553242594,0.125,0.18787878787878787,0.869427,0.10537,0.319257,23,0.0040844,0.606985,0.0766347,0.484403,24
271,0.43434343434343436,0.43489583333333337,0.4719626168224299,0.48115942028985503,0.5655190819322125,0.24375000000000002,0.1585858585858586,0.886601,0.13049,0.321028,9,0.00430031,0.709651,0.0276686,0.352368,67
272,0.5808080808080809,0.57421875,0.4719626168224299,0.5072463768115942,0.5443021083533494,0.125,0.12929292929292935,0.851799,0.0501685,0.228609,87,0.00244686,0.24891,0.0119199,0.248495,62
273,0.7626262626262627,0.5299479166666667,0.49065420560747663,0.5304347826086957,0.5106752068321323,0.125,0.13131313131313127,0.8283,0.164138,0.129346,86,0.00754282,0.0687039,0.0266174,0.254763,74
274,0.5909090909090908,0.5364583333333333,0.44859813084112155,0.49275362318840576,0.6136909527622098,0.125,0.13535353535353534,0.846983,0.0527952,0.433977,84,0.00906447,0.875803,0.0800401,0.428215,78
275,0.7626262626262627,0.6510416666666667,0.3551401869158879,0.527536231884058,0.10408326661329059,0.125,0.09090909090909094,0.711026,0.0693647,0.413839,52,0.00778929,0.952055,0.0282371,0.0297693,55
276,0.7626262626262627,0.54296875,0.3551401869158879,0.5333333333333333,0.20723245262876966,0.125,0.09090909090909094,0.783978,0.150179,0.434459,62,0.00504845,0.574539,0.0827199,0.458668,14
277,0.2676767676767676,0.26822916666666663,0.485981308411215,0.4869565217391304,0.496530557779557,0.5625,0.23030303030303034,0.941645,0.177513,0.485871,51,0.00221181,0.881949,0.0396742,0.13254,40
278,0.7626262626262627,0.36979166666666663,0.49065420560747663,0.5217391304347826,0.39965305577795573,0.125,0.13636363636363635,0.844861,0.0343193,0.0373521,35,0.00819609,0.251345,0.0477423,0.347239,34
279,0.7626262626262627,0.5572916666666667,0.3598130841121495,0.5391304347826087,0.39338137176407795,0.125,0.09090909090909094,0.798215,0.0215378,0.143166,41,0.000927041,0.608786,0.0933334,0.292336,30
280,0.7626262626262627,0.6510416666666667,0.3551401869158879,0.5797101449275363,0.10408326661329059,0.125,0.09090909090909094,0.718149,0.185304,0.483546,65,0.00167868,0.0666593,0.0251141,0.400135,12
281,0.5353535353535354,0.37760416666666663,0.4392523364485982,0.4521739130434783,0.5808646917534027,0.25625,0.1838383838383838,0.884235,0.131642,0.364845,30,0.00810928,0.849359,0.0624394,0.22873,78
282,0.7626262626262627,0.5377604166666667,0.4532710280373832,0.48985507246376814,0.4079263410728583,0.125,0.18181818181818177,0.841532,0.0973182,0.403566,92,0.00356713,0.85805,0.0817561,0.388163,11
283,0.20707070707070707,0.1484375,0.4392523364485982,0.30434782608695654,0.3017080330931412,0.55625,0.2595959595959596,0.970469,0.0966894,0.188031,61,0.00855154,0.00716711,0.0481823,0.0341507,84
284,0.7626262626262627,0.6510416666666667,0.3551401869158879,0.527536231884058,0.10408326661329059,0.125,0.09090909090909094,0.726877,0.172618,0.0253672,17,0.00705304,0.327035,0.03063,0.381051,13
285,0.010101010101010055,0.0390625,0.15887850467289721,0.13913043478260867,0.025487056311715994,0.2875,0.05959595959595965,0.998522,0.0663195,0.212185,6,0.00733365,0.548624,0.0177195,0.440547,71
286,0.7626262626262627,0.6510416666666667,0.3551401869158879,0.5304347826086957,0.10408326661329059,0.125,0.09090909090909094,0.746713,0.023305,0.399659,100,0.00696453,0.882486,0.0412327,0.251958,12
287,0.7626262626262627,0.6510416666666667,0.3551401869158879,0.5507246376811594,0.10408326661329059,0.125,0.09090909090909094,0.712809,0.00866961,0.253389,48,0.00159115,0.729627,0.0299654,0.0242747,71
288,0.303030303030303,0.32291666666666663,0.5,0.44637681159420295,0.5280224179343475,0.51875,0.19292929292929295,0.931895,0.153663,0.0648897,25,0.00768439,0.517531,0.0839424,0.215605,70
289,0.303030303030303,0.31119791666666663,0.46261682242990654,0.45797101449275357,0.4778489458233254,0.48750000000000004,0.2525252525252525,0.954951,0.0551289,0.350436,3,0.000613228,0.938096,0.0530748,0.284082,90
290,0.18181818181818177,0.24348958333333337,0.4112149532710281,0.36811594202898545,0.38283960501734726,0.59375,0.28181818181818186,0.947991,0.00133375,0.42916,42,0.0073554,0.374678,0.0554326,0.00492945,24
291,0.5858585858585859,0.5338541666666667,0.43457943925233644,0.527536231884058,0.48145182812917,0.125,0.12727272727272732,0.840103,0.0906012,0.306551,9,0.0073151,0.478836,0.0732402,0.0133181,32
292,0.7626262626262627,0.6510416666666667,0.3551401869158879,0.5797101449275363,0.10408326661329059,0.125,0.09090909090909094,0.738134,0.050606,0.242325,8,0.00673395,0.489732,0.0432768,0.00833364,81
293,0.7626262626262627,0.6510416666666667,0.3551401869158879,0.5797101449275363,0.10408326661329059,0.125,0.09090909090909094,0.735061,0.0509237,0.245793,23,0.00382573,0.362531,0.0147927,0.262512,20
294,0.7626262626262627,0.6510416666666667,0.3551401869158879,0.536231884057971,0.10408326661329059,0.125,0.09090909090909094,0.744708,0.166782,0.474325,50,0.00347495,0.647951,0.0960424,0.109673,19
295,0.7626262626262627,0.6510416666666667,0.3551401869158879,0.5246376811594202,0.10408326661329059,0.125,0.09090909090909094,0.74587,0.195999,0.0597055,95,0.00523752,0.278752,0.0606927,0.303833,45
296,0.7626262626262627,0.53125,0.3551401869158879,0.45507246376811594,0.20563117160394984,0.125,0.09090909090909094,0.781337,0.00490009,0.0448543,64,0.00926256,0.43538,0.0356817,0.188427,87
297,0.26262626262626265,0.22005208333333337,0.514018691588785,0.45507246376811594,0.4518281291700027,0.5625,0.19292929292929295,0.927135,0.00821675,0.456504,6,0.00931788,0.286664,0.0245012,0.487325,29
298,0.19191919191919193,0.14583333333333337,0.514018691588785,0.32173913043478264,0.32052308513477445,0.5875,0.26363636363636367,0.972145,0.138419,0.0993081,56,0.00801014,0.519778,0.0858917,0.340076,77
299,0.015151515151515138,0.03776041666666663,0.21028037383177567,0.08985507246376812,0.08593541499866564,0.35,0.06565656565656564,0.998058,0.0443907,0.271232,20,0.00822399,0.432119,0.0157794,0.497961,10
300,0.7626262626262627,0.7109375,0.3551401869158879,0.527536231884058,0.20549773151854822,0.125,0.09090909090909094,0.772025,0.0937118,0.182481,94,0.00605393,0.805427,0.0242254,0.0850702,37
301,0.1717171717171717,0.140625,0.4112149532710281,0.3623188405797102,0.2719508940485722,0.63125,0.19999999999999996,0.980022,0.166076,0.207914,75,0.00286175,0.946806,0.0661409,0.14391,63
302,0.7626262626262627,0.6510416666666667,0.3551401869158879,0.5304347826086957,0.10408326661329059,0.125,0.09090909090909094,0.74895,0.136893,0.160813,63,0.00870893,0.551499,0.0909082,0.255994,89
303,0.7626262626262627,0.6510416666666667,0.3551401869158879,0.5246376811594202,0.10408326661329059,0.125,0.09090909090909094,0.743898,0.0814215,0.159122,37,0.00436539,0.291933,0.0542572,0.0807396,55
304,0.16666666666666663,0.17057291666666663,0.49065420560747663,0.4173913043478261,0.2931678676274353,0.66875,0.21717171717171713,0.978577,0.13529,0.415667,22,0.00377825,0.39065,0.0423624,0.240649,79
305,0.3232323232323232,0.49348958333333337,0.4392523364485982,0.48115942028985503,0.6334400854016546,0.34375,0.18888888888888888,0.890776,0.152523,0.308601,89,0.00790836,0.243223,0.0442662,0.203791,70
306,0.21212121212121215,0.23177083333333337,0.5,0.36811594202898545,0.303309314117961,0.53125,0.28080808080808084,0.968292,0.0845068,0.144486,82,0.00350632,0.442158,0.0471027,0.322495,17
307,0.202020202020202,0.15494791666666663,0.4392523364485982,0.36811594202898545,0.31758740325593804,0.64375,0.24747474747474751,0.967423,0.0450581,0.359502,2,0.0097153,0.460387,0.0986067,0.33154,32
308,0.202020202020202,0.18880208333333337,0.4579439252336449,0.30724637681159417,0.34867894315452364,0.525,0.26868686868686864,0.957813,0.00356525,0.490079,88,0.000735503,0.0481823,0.055775,0.0732319,51
309,0.24747474747474751,0.19661458333333337,0.5093457943925234,0.3652173913043478,0.3521483853749666,0.54375,0.2404040404040404,0.959526,0.158162,0.281326,60,0.0034258,0.543133,0.0626758,0.385111,25
310,0.7626262626262627,0.7096354166666667,0.3551401869158879,0.5246376811594202,0.30784627702161727,0.125,0.09090909090909094,0.785465,0.188293,0.155265,9,0.00528514,0.079572,0.0279164,0.0646089,33
311,0.5858585858585859,0.3359375,0.485981308411215,0.527536231884058,0.4866559914598345,0.24375000000000002,0.16868686868686866,0.853211,0.0300978,0.476033,30,0.00653947,0.667362,0.0854377,0.0984895,88
312,0.7626262626262627,0.71875,0.4439252336448598,0.5391304347826087,0.29837203095809983,0.125,0.09090909090909094,0.782402,0.174873,0.165711,39,0.000346009,0.96075,0.0371937,0.11659,8
313,0.7626262626262627,0.578125,0.35046728971962615,0.536231884057971,0.40192153722978385,0.25,0.09090909090909094,0.82278,0.198213,0.190188,79,0.000171926,0.403639,0.0506093,0.437977,18
314,0.7626262626262627,0.71484375,0.3551401869158879,0.5449275362318841,0.3081131571924206,0.125,0.09090909090909094,0.772601,0.0497282,0.420341,58,0.00290254,0.125297,0.0144492,0.267972,74
315,0.5707070707070707,0.44791666666666663,0.44859813084112155,0.527536231884058,0.5890045369629037,0.23750000000000004,0.15959595959595962,0.846491,0.104389,0.495463,37,0.00544228,0.122056,0.0271519,0.356346,82
316,0.31818181818181823,0.31119791666666663,0.4392523364485982,0.47536231884057967,0.6646650653856419,0.41874999999999996,0.18080808080808086,0.895484,0.0197975,0.385909,82,0.0018004,0.461675,0.0350258,0.164451,65
317,0.7626262626262627,0.39322916666666663,0.3878504672897196,0.47536231884057967,0.4371497197758206,0.25,0.16969696969696968,0.845463,0.0354282,0.0857807,15,0.00644756,0.579094,0.0203177,0.449028,76
318,0.45959595959595956,0.25520833333333337,0.4439252336448598,0.4869565217391304,0.5441686682679476,0.43125,0.18080808080808086,0.907408,0.020246,0.291724,87,0.00726002,0.182591,0.0284496,0.34375,48
319,0.5707070707070707,0.37239583333333337,0.46261682242990654,0.4869565217391304,0.5002668801708032,0.24375000000000002,0.18585858585858583,0.873624,0.168867,0.194855,84,0.00321647,0.159965,0.0290012,0.187304,76
320,0.7626262626262627,0.71484375,0.3551401869158879,0.527536231884058,0.3921804109954631,0.125,0.09090909090909094,0.794156,0.00382533,0.209001,2,0.00374193,0.15054,0.0459238,0.42572,30
321,0.7626262626262627,0.5338541666666667,0.43457943925233644,0.5304347826086957,0.40819322124366164,0.125,0.09090909090909094,0.816676,0.150314,0.0635538,92,0.003636,0.781707,0.0738236,0.327251,93
322,0.7626262626262627,0.6510416666666667,0.3551401869158879,0.5797101449275363,0.10408326661329059,0.125,0.09090909090909094,0.720724,0.00604776,0.414826,84,0.00497558,0.243888,0.0596563,0.499371,68
323,0.7626262626262627,0.5377604166666667,0.3551401869158879,0.527536231884058,0.2060314918601548,0.125,0.09090909090909094,0.786066,0.142264,0.424451,34,0.00482262,0.269362,0.0611203,0.429311,22
324,0.7626262626262627,0.5247395833333333,0.43457943925233644,0.5304347826086957,0.38217240459033897,0.125,0.09090909090909094,0.80398,0.0468498,0.427646,46,0.00477556,0.10477,0.0536054,0.11995,67
325,0.31818181818181823,0.375,0.46261682242990654,0.4869565217391304,0.5354950627168402,0.44375,0.2525252525252525,0.927688,0.173409,0.394483,19,0.00839532,0.854683,0.0753704,0.428103,53
326,0.2525252525252525,0.34505208333333337,0.49065420560747663,0.49855072463768113,0.5110755270883374,0.34375,0.18484848484848482,0.888817,0.0224666,0.489374,38,0.00715438,0.116594,0.0671437,0.43908,38
327,0.26262626262626265,0.31380208333333337,0.3878504672897196,0.4,0.46704029890579135,0.48750000000000004,0.19393939393939397,0.915808,0.0156338,0.261103,66,0.00883862,0.722945,0.0675025,0.381768,60
328,0.41414141414141414,0.5,0.4439252336448598,0.5130434782608695,0.5736589271417134,0.23124999999999996,0.12727272727272732,0.861602,0.117241,0.0208919,60,0.00782872,0.838762,0.0879893,0.419087,52
329,0.7626262626262627,0.6510416666666667,0.3551401869158879,0.527536231884058,0.10408326661329059,0.125,0.09090909090909094,0.751598,0.0826367,0.280194,75,0.00892463,0.564737,0.0550946,0.47414,44
330,0.7626262626262627,0.5221354166666667,0.3738317757009346,0.536231884057971,0.410728582866293,0.125,0.18181818181818177,0.82927,0.149204,0.303614,6,0.00585837,0.0127822,0.0924914,0.133814,47
331,0.595959595959596,0.6731770833333333,0.43457943925233644,0.536231884057971,0.3937816920202829,0.25,0.11616161616161613,0.820144,0.191363,0.409192,37,0.000132721,0.676939,0.0452435,0.385499,46
332,0.7626262626262627,0.70703125,0.3691588785046729,0.5217391304347826,0.40725914064585,0.125,0.09090909090909094,0.824671,0.118686,0.144946,53,0.00230594,0.807536,0.0583687,0.0475442,22
333,0.29292929292929293,0.36458333333333337,0.5046728971962617,0.4492753623188406,0.596210301574593,0.475,0.25151515151515147,0.934259,0.163574,0.135891,7,0.00284472,0.0396742,0.0610022,0.285618,96
334,0.13131313131313127,0.17057291666666663,0.44859813084112155,0.3884057971014493,0.3485455030691219,0.59375,0.21717171717171713,0.972744,0.0249474,0.432091,16,0.00185807,0.601105,0.0481507,0.297466,66
335,0.4242424242424242,0.5078125,0.4579439252336449,0.4347826086956522,0.6423805711235655,0.125,0.1636363636363637,0.880487,0.14144,0.298309,15,0.00403585,0.388364,0.0635197,0.3149,37
336,0.7626262626262627,0.7044270833333333,0.3551401869158879,0.5246376811594202,0.303709634374166,0.125,0.09090909090909094,0.791749,0.0788138,0.0168491,7,0.00438197,0.638694,0.0229907,0.141735,52
337,0.7626262626262627,0.6510416666666667,0.3551401869158879,0.5333333333333333,0.10408326661329059,0.125,0.09090909090909094,0.721255,0.114292,0.132444,47,0.00847617,0.891727,0.0584848,0.207629,49
338,0.1767676767676768,0.25130208333333337,0.5327102803738317,0.42028985507246375,0.3873765679210035,0.5375,0.3101010101010101,0.954032,0.181379,0.339544,61,0.0073984,0.287703,0.0769823,0.40764,19
339,0.4040404040404041,0.5,0.5093457943925234,0.48985507246376814,0.5659194021884174,0.42500000000000004,0.19191919191919193,0.909303,0.125713,0.373384,98,0.00729505,0.841448,0.0681019,0.138749,81
340,0.7626262626262627,0.7135416666666667,0.4439252336448598,0.5449275362318841,0.4615692554043235,0.125,0.13535353535353534,0.808324,0.0140726,0.199067,10,0.00606716,0.971121,0.0347448,0.312256,79
341,0.7626262626262627,0.71875,0.43457943925233644,0.527536231884058,0.2259140645850013,0.125,0.11616161616161613,0.786694,0.0856984,0.0450504,85,0.00145114,0.944647,0.0497778,0.182948,92
342,0.31818181818181823,0.31640625,0.4299065420560748,0.44637681159420295,0.5200160128102482,0.48750000000000004,0.25555555555555554,0.939028,0.196313,0.355314,95,0.00207072,0.372997,0.0181869,0.361658,30
343,0.40909090909090906,0.31770833333333337,0.5093457943925234,0.4521739130434783,0.6092874299439552,0.25,0.12727272727272732,0.87467,0.0220535,0.20097,42,0.00982373,0.649892,0.0912659,0.178641,3
344,0.5858585858585859,0.52734375,0.4392523364485982,0.527536231884058,0.4858553509474246,0.125,0.12929292929292935,0.849208,0.17095,0.28682,40,0.00701076,0.369898,0.0812063,0.283352,83
345,0.21717171717171713,0.20572916666666663,0.4532710280373832,0.39420289855072466,0.4212703496130238,0.5125,0.2595959595959596,0.946898,0.0241556,0.447098,15,0.00991292,0.344131,0.0461161,0.423325,81
346,0.7626262626262627,0.5286458333333333,0.49065420560747663,0.527536231884058,0.4077929009874567,0.125,0.09090909090909094,0.814012,0.115324,0.32385,90,0.0054973,0.146225,0.0742056,0.408227,68
347,0.7626262626262627,0.6510416666666667,0.3551401869158879,0.5797101449275363,0.10408326661329059,0.125,0.09090909090909094,0.70785,0.0325607,0.459621,48,0.00540909,0.103159,0.0693913,0.449547,85
348,0.7626262626262627,0.71484375,0.3551401869158879,0.45797101449275357,0.20576461168935145,0.125,0.09090909090909094,0.773755,0.00797518,0.272518,31,0.00997281,0.337225,0.0462598,0.331257,69
349,0.7626262626262627,0.5377604166666667,0.44859813084112155,0.527536231884058,0.4095276220976781,0.125,0.13131313131313127,0.822115,0.056705,0.382252,16,0.00630454,0.0760097,0.0524318,0.431811,5
350,0.4040404040404041,0.42838541666666663,0.48130841121495327,0.408695652173913,0.6301040832666133,0.275,0.1838383838383838,0.902953,0.114835,0.0246562,55,0.00658972,0.858765,0.0952194,0.136661,95
351,0.7626262626262627,0.5390625,0.3598130841121495,0.5333333333333333,0.33053109153989857,0.125,0.13434343434343432,0.810373,0.176291,0.213647,46,0.000910025,0.770553,0.0705136,0.264124,95
352,0.41414141414141414,0.4453125,0.4579439252336449,0.5072463768115942,0.5705898051774754,0.25,0.16060606060606064,0.875936,0.0978078,0.441101,32,0.00292929,0.630637,0.0120877,0.341535,62
353,0.5858585858585859,0.52734375,0.48130841121495327,0.5304347826086957,0.4822524686415799,0.125,0.18181818181818177,0.831578,0.156014,0.278592,22,0.00995483,0.475144,0.0590329,0.212146,97
354,0.595959595959596,0.48697916666666663,0.4439252336448598,0.536231884057971,0.4023218574859888,0.125,0.14747474747474743,0.827295,0.0723591,0.296849,57,0.000199411,0.913401,0.0529287,0.294981,84
355,0.35858585858585856,0.359375,0.485981308411215,0.4956521739130435,0.5593808380037364,0.34375,0.23333333333333328,0.924431,0.0915061,0.139854,72,0.00626223,0.759682,0.0638761,0.468189,15
356,0.7626262626262627,0.54296875,0.39252336448598135,0.5391304347826087,0.3943154523618895,0.25,0.12929292929292935,0.79942,0.0142152,0.37106,65,0.00153316,0.872261,0.083588,0.43473,80
357,0.7626262626262627,0.6510416666666667,0.3551401869158879,0.5797101449275363,0.10408326661329059,0.125,0.09090909090909094,0.7152,0.194465,0.451108,16,0.00117455,0.866856,0.0964775,0.304797,69
358,0.43434343434343436,0.35416666666666663,0.43457943925233644,0.48985507246376814,0.6171603949826527,0.25,0.1636363636363637,0.866136,0.0485387,0.0101084,28,0.00312987,0.419591,0.0386647,0.13567,65
359,0.5404040404040404,0.44140625,0.44859813084112155,0.5391304347826087,0.5325593808380038,0.125,0.12828282828282833,0.839547,0.0430982,0.219735,44,0.00965195,0.744388,0.0993556,0.0835765,39
360,0.5858585858585859,0.44791666666666663,0.49065420560747663,0.5478260869565217,0.4835868694955965,0.25,0.16969696969696968,0.854589,0.0454878,0.152305,6,0.00582154,0.594777,0.0917885,0.278412,15
361,0.7626262626262627,0.39453125,0.4439252336448598,0.48985507246376814,0.47838270616493195,0.125,0.1636363636363637,0.838217,0.112091,0.103299,14,0.00629538,0.0520021,0.0544252,0.416513,71
362,0.7626262626262627,0.7122395833333333,0.4439252336448598,0.518840579710145,0.5125433680277556,0.125,0.09090909090909094,0.814695,0.0897865,0.465892,52,0.00614992,0.440005,0.0148911,0.166297,74
363,0.02020202020202022,0.05338541666666663,0.22429906542056077,0.11884057971014494,0.0545769949292767,0.36875,0.0505050505050505,0.997797,0.0514568,0.468859,87,0.000997923,0.869549,0.0885801,0.179539,29
364,0.7626262626262627,0.5520833333333333,0.35046728971962615,0.527536231884058,0.2068321323725647,0.125,0.09090909090909094,0.765562,0.0947233,0.0193879,36,0.00302007,0.693043,0.0455483,0.031142,25
365,0.4191919191919192,0.44270833333333337,0.4532710280373832,0.45797101449275357,0.6421136909527623,0.2875,0.18888888888888888,0.900004,0.189798,0.026477,34,0.00306049,0.444851,0.0888201,0.279141,21
366,0.1515151515151515,0.12369791666666663,0.4579439252336449,0.35072463768115947,0.3073125166800107,0.56875,0.20404040404040402,0.981815,0.0911843,0.0414135,70,0.00530969,0.215803,0.0620439,0.0597506,61
367,0.4292929292929293,0.5,0.485981308411215,0.44637681159420295,0.6120896717373899,0.375,0.18787878787878787,0.901108,0.15396,0.0581986,80,0.00186966,0.955625,0.0938852,0.460124,63
368,0.4797979797979798,0.5377604166666667,0.4392523364485982,0.4144927536231884,0.6458500133440086,0.23124999999999996,0.1707070707070707,0.872802,0.0836255,0.0722221,35,0.00693357,0.793748,0.0605697,0.199456,69
369,0.24747474747474751,0.23307291666666663,0.46261682242990654,0.4318840579710145,0.5316253002401922,0.50625,0.25555555555555554,0.946049,0.132421,0.436297,78,0.00135635,0.0589854,0.0159467,0.348295,42
370,0.2828282828282829,0.23307291666666663,0.4579439252336449,0.47246376811594204,0.404190018681612,0.6,0.2797979797979798,0.948957,0.140312,0.460154,73,0.00453084,0.114304,0.0733968,0.215216,63
371,0.2727272727272727,0.34635416666666663,0.5280373831775701,0.4608695652173913,0.4893247931678676,0.54375,0.2404040404040404,0.942965,0.170433,0.486709,51,0.00303374,0.0635368,0.0919719,0.466577,93
372,0.5858585858585859,0.5703125,0.4719626168224299,0.4869565217391304,0.6522551374432879,0.23124999999999996,0.12828282828282833,0.855138,0.139498,0.331251,29,0.00458648,0.56593,0.0361517,0.196577,83
373,0.7626262626262627,0.6510416666666667,0.3551401869158879,0.5797101449275363,0.10408326661329059,0.125,0.09090909090909094,0.727088,0.151503,0.328116,76,0.00981735,0.0554665,0.0264182,0.107878,11
374,0.2777777777777778,0.44270833333333337,0.4953271028037384,0.4695652173913043,0.5237523352014946,0.51875,0.20101010101010097,0.937068,0.145324,0.0663715,46,0.00246014,0.980874,0.0447293,0.490317,28
375,0.7626262626262627,0.5260416666666667,0.4439252336448598,0.5304347826086957,0.30757939685081404,0.125,0.09090909090909094,0.76727,0.0519319,0.408852,91,0.00934709,0.67431,0.0100737,0.271981,43
376,0.33838383838383834,0.36848958333333337,0.48130841121495327,0.4695652173913043,0.5899386175607153,0.3375,0.19292929292929295,0.9239,0.199504,0.284492,41,0.00197307,0.00862021,0.0966448,0.173408,97
377,0.23232323232323238,0.171875,0.5093457943925234,0.44637681159420295,0.347744862556712,0.6875,0.26363636363636367,0.960993,0.0780726,0.0751584,51,0.00786111,0.0647642,0.0540035,0.00660657,78
378,0.4191919191919192,0.5182291666666667,0.44859813084112155,0.5391304347826087,0.6607953029089939,0.25,0.1323232323232323,0.883234,0.13485,0.0678259,26,0.00124667,0.830198,0.044105,0.203551,43
379,0.3787878787878788,0.41145833333333337,0.485981308411215,0.4173913043478261,0.5886042167066987,0.375,0.1656565656565656,0.914115,0.129202,0.0382931,3,0.00622902,0.815318,0.0803807,0.0274251,1
380,0.045454545454545414,0.05989583333333337,0.3317757009345794,0.09855072463768111,0.18147851614625032,0.50625,0.12929292929292935,0.994478,0.188803,0.0465553,75,0.00789248,0.0259065,0.0833606,0.0335026,3
381,0.7626262626262627,0.6510416666666667,0.3551401869158879,0.5420289855072464,0.10408326661329059,0.125,0.09090909090909094,0.719299,0.152709,0.017392,31,0.00446751,0.958509,0.010432,0.0509403,73
382,0.19696969696969702,0.17578125,0.4672897196261683,0.2724637681159421,0.2696824125967441,0.6375,0.26161616161616164,0.965435,0.0175625,0.0224716,93,0.00490052,0.549986,0.0968396,0.223038,44
383,0.4494949494949495,0.47786458333333337,0.43457943925233644,0.45507246376811594,0.6605284227381906,0.23124999999999996,0.17979797979797985,0.871345,0.184922,0.471836,4,0.00548196,0.983841,0.0498668,0.0754763,88
384,0.7626262626262627,0.6510416666666667,0.3551401869158879,0.5797101449275363,0.10408326661329059,0.125,0.09090909090909094,0.705108,0.0334853,0.487544,28,0.00234787,0.952305,0.0465183,0.112225,35
385,0.5707070707070707,0.46223958333333337,0.4252336448598131,0.5072463768115942,0.4101948225246864,0.23124999999999996,0.12929292929292935,0.844195,0.0580265,0.392585,79,0.000705714,0.810118,0.02942,0.137435,11
386,0.40909090909090906,0.45182291666666663,0.4672897196261683,0.49855072463768113,0.5487056311716039,0.24375000000000002,0.13434343434343432,0.877455,0.198978,0.493567,24,0.00807791,0.499137,0.0720475,0.239405,91
387,0.19696969696969702,0.15364583333333337,0.4392523364485982,0.3014492753623188,0.27435281558580193,0.625,0.23838383838383836,0.976712,0.160285,0.499176,74,0.00873754,0.416554,0.0890881,0.0775437,56
388,0.0757575757575758,0.09244791666666663,0.383177570093458,0.1855072463768116,0.25900720576461167,0.53125,0.14040404040404042,0.990332,0.166327,0.00280272,93,0.00354878,0.189097,0.0207559,0.322086,70
389,0.1717171717171717,0.18880208333333337,0.4719626168224299,0.33043478260869563,0.2981051507872965,0.60625,0.23131313131313136,0.973724,0.181247,0.125219,68,0.00279987,0.685141,0.0429161,0.0550557,34
390,0.7626262626262627,0.5364583333333333,0.44859813084112155,0.48405797101449277,0.4052575393648252,0.23750000000000004,0.12929292929292935,0.858116,0.107469,0.0928606,77,0.00137723,0.583364,0.050113,0.128787,34
391,0.7626262626262627,0.53125,0.43457943925233644,0.518840579710145,0.38123832399252733,0.125,0.09090909090909094,0.796575,0.153103,0.343323,76,0.00977561,0.380034,0.0408345,0.191307,81
392,0.38383838383838387,0.38802083333333337,0.47663551401869164,0.45797101449275357,0.6981585268214572,0.36250000000000004,0.19393939393939397,0.891543,0.00321455,0.177026,4,0.000850627,0.223709,0.0859783,0.351396,54
393,0.20707070707070707,0.21223958333333337,0.48130841121495327,0.37681159420289856,0.32052308513477445,0.64375,0.2222222222222222,0.969318,0.0710355,0.13807,55,0.00278159,0.91046,0.0167174,0.0491059,72
394,0.5808080808080809,0.54296875,0.44859813084112155,0.5391304347826087,0.46623965839338133,0.125,0.09090909090909094,0.809709,0.071072,0.224163,49,0.00545524,0.433616,0.0922101,0.191835,48
395,0.7626262626262627,0.6510416666666667,0.3551401869158879,0.527536231884058,0.10408326661329059,0.125,0.09090909090909094,0.752057,0.0742182,0.411992,50,0.000382207,0.831122,0.08069,0.47605,75
396,0.4747474747474747,0.42317708333333337,0.4719626168224299,0.4173913043478261,0.614758473445423,0.26875000000000004,0.1333333333333333,0.893392,0.140265,0.0574052,40,0.000798953,0.269578,0.0322131,0.127585,80
397,0.7626262626262627,0.6510416666666667,0.3551401869158879,0.5797101449275363,0.10408326661329059,0.125,0.09090909090909094,0.700266,0.155352,0.354956,72,0.00709051,0.932319,0.0457488,0.0527389,49
398,0.7626262626262627,0.6510416666666667,0.4392523364485982,0.5246376811594202,0.10408326661329059,0.125,0.09090909090909094,0.730343,0.193989,0.174122,94,0.000360544,0.646233,0.0608736,0.0692657,47
399,0.1717171717171717,0.17317708333333337,0.42056074766355145,0.24927536231884062,0.3485455030691219,0.61875,0.22020202020202018,0.960711,0.02608,0.319405,55,0.00565978,0.144824,0.0137258,0.475942,26
400,0.7626262626262627,0.71484375,0.4439252336448598,0.5246376811594202,0.303709634374166,0.125,0.09090909090909094,0.791406,0.162885,0.281962,90,0.00119156,0.789097,0.0190781,0.0126625,41
401,0.1515151515151515,0.11848958333333337,0.4439252336448598,0.2985507246376812,0.2844942620763278,0.64375,0.23838383838383836,0.977635,0.136084,0.0126854,98,0.00998027,0.0191392,0.0656112,0.0899927,64
402,0.7626262626262627,0.6510416666666667,0.43457943925233644,0.5217391304347826,0.10408326661329059,0.125,0.09090909090909094,0.749257,0.0195071,0.120018,12,0.00738111,0.272533,0.0229532,0.45131,67
403,0.5757575757575757,0.41536458333333337,0.4392523364485982,0.4869565217391304,0.5097411262343208,0.23124999999999996,0.1636363636363637,0.885551,0.186829,0.0513943,27,0.00671549,0.94932,0.0320564,0.0364244,27
404,0.21212121212121215,0.2109375,0.5093457943925234,0.4492753623188406,0.36162263143848417,0.6,0.23131313131313136,0.962611,0.0569746,0.416514,20,0.00771623,0.254978,0.0696296,0.157529,77
405,0.101010101010101,0.1171875,0.4112149532710281,0.2927536231884058,0.25033360021350415,0.56875,0.14747474747474743,0.988303,0.175859,0.206715,17,0.005914,0.64255,0.032805,0.398881,57
406,0.5858585858585859,0.42447916666666663,0.4392523364485982,0.5072463768115942,0.5294902588737657,0.23124999999999996,0.1636363636363637,0.847789,0.0757304,0.401522,12,0.00340406,0.797047,0.0260895,0.196613,58
407,0.7626262626262627,0.515625,0.43457943925233644,0.5391304347826087,0.41032826261008803,0.125,0.09090909090909094,0.815854,0.199679,0.0701114,49,0.00721611,0.155377,0.0504058,0.0813961,31
408,0.5858585858585859,0.7044270833333333,0.42056074766355145,0.48985507246376814,0.5226848145182813,0.24375000000000002,0.11212121212121207,0.837167,0.0790728,0.156391,95,0.00974526,0.350394,0.0156546,0.288662,11
409,0.21212121212121215,0.25130208333333337,0.5,0.3826086956521739,0.3400053376034161,0.6625,0.24848484848484853,0.961971,0.0764215,0.190784,98,0.00930275,0.119648,0.0311863,0.495298,91
410,0.7626262626262627,0.6510416666666667,0.3551401869158879,0.536231884057971,0.10408326661329059,0.125,0.09090909090909094,0.756662,0.0168472,0.115915,89,0.00653101,0.865685,0.0777693,0.226028,98
411,0.3232323232323232,0.41666666666666663,0.5046728971962617,0.45507246376811594,0.6164931945556444,0.25625,0.18787878787878787,0.916448,0.0588039,0.20554,40,0.00379997,0.305555,0.0824548,0.390985,9
412,0.29292929292929293,0.43229166666666663,0.4392523364485982,0.4608695652173913,0.607018948492127,0.30000000000000004,0.2272727272727273,0.917048,0.184552,0.353779,63,0.00114587,0.360075,0.0247052,0.420089,93
413,0.24242424242424243,0.26041666666666663,0.485981308411215,0.3884057971014493,0.46917534027221774,0.55,0.2404040404040404,0.944406,0.182856,0.342644,67,0.00256881,0.351869,0.0211905,0.445253,82
414,0.7626262626262627,0.5377604166666667,0.4392523364485982,0.536231884057971,0.4129970643181211,0.125,0.1333333333333333,0.82341,0.198708,0.291417,80,0.0060222,0.919155,0.0819751,0.213639,26
415,0.3484848484848485,0.44140625,0.5233644859813085,0.45797101449275357,0.5685882038964505,0.4,0.19292929292929295,0.902045,0.0524058,0.302033,67,0.00809286,0.377649,0.0641244,0.367027,36
416,0.41414141414141414,0.359375,0.485981308411215,0.4521739130434783,0.5836669335468374,0.31875,0.1636363636363637,0.906266,0.0824075,0.286139,80,0.00385759,0.4962,0.0704018,0.401989,55
417,0.4696969696969697,0.49609375,0.4953271028037384,0.45507246376811594,0.6346410461702696,0.24375000000000002,0.12929292929292935,0.861181,0.164287,0.178935,19,0.00755682,0.0566279,0.0883071,0.235358,50
418,0.7626262626262627,0.5481770833333333,0.43457943925233644,0.5217391304347826,0.2061649319455564,0.125,0.09090909090909094,0.780995,0.114768,0.450286,97,0.00765572,0.131782,0.0522789,0.207289,52
419,0.7626262626262627,0.6510416666666667,0.3551401869158879,0.5304347826086957,0.10408326661329059,0.125,0.09090909090909094,0.755007,0.0557719,0.185879,18,0.00684817,0.503551,0.0297648,0.375579,43
420,0.7626262626262627,0.44661458333333337,0.4252336448598131,0.5304347826086957,0.4052575393648252,0.25,0.16969696969696968,0.825415,0.165004,0.334197,21,0.00727196,0.201315,0.0211479,0.0236415,98
421,0.41414141414141414,0.42578125,0.4112149532710281,0.4434782608695652,0.5361622631438484,0.36875,0.1898989898989899,0.886226,0.00905776,0.112096,18,0.00879483,0.996714,0.0980608,0.0742028,18
422,0.23232323232323238,0.27213541666666663,0.4953271028037384,0.3623188405797102,0.4544969308780358,0.6125,0.24545454545454548,0.953372,0.0771309,0.221642,25,0.00772514,0.492285,0.0254667,0.265003,64
423,0.21717171717171713,0.18359375,0.4953271028037384,0.34202898550724636,0.32319188684280753,0.64375,0.2464646464646465,0.971727,0.0668742,0.10791,26,0.00345598,0.0906597,0.0904564,0.45345,30
424,0.7626262626262627,0.5963541666666667,0.3551401869158879,0.5420289855072464,0.2068321323725647,0.125,0.09090909090909094,0.761301,0.108357,0.00303127,96,0.00803727,0.656848,0.0213532,0.189598,65
425,0.3434343434343434,0.35416666666666663,0.43457943925233644,0.4405797101449276,0.5487056311716039,0.33125000000000004,0.19393939393939397,0.914851,0.179586,0.173415,43,0.00969777,0.471466,0.0385439,0.253098,99
426,0.24242424242424243,0.43880208333333337,0.47663551401869164,0.4956521739130435,0.49252735521750735,0.5,0.22929292929292933,0.93326,0.146613,0.248948,28,0.0083173,0.149312,0.0398,0.2194,4
427,0.4040404040404041,0.38151041666666663,0.43457943925233644,0.4521739130434783,0.6183613557512677,0.31875,0.1838383838383838,0.904184,0.0986871,0.233999,64,0.0058713,0.783707,0.0491528,0.349644,75
428,0.7626262626262627,0.7278645833333333,0.3551401869158879,0.5304347826086957,0.20589805177475318,0.125,0.09090909090909094,0.770282,0.0240022,0.172621,56,0.000225709,0.619351,0.0424153,0.224362,38
429,0.7626262626262627,0.53125,0.36448598130841126,0.5304347826086957,0.46770749933279954,0.125,0.11616161616161613,0.818622,0.119561,0.488921,49,0.00227185,0.230821,0.0945329,0.329346,11
430,0.7626262626262627,0.6510416666666667,0.3551401869158879,0.5797101449275363,0.10408326661329059,0.125,0.09090909090909094,0.730685,0.0719472,0.225951,24,0.00670889,0.715651,0.0410491,0.195606,35
431,0.7626262626262627,0.7161458333333333,0.4439252336448598,0.5304347826086957,0.40485721910862027,0.125,0.09090909090909094,0.815337,0.157488,0.396409,46,0.0057593,0.508593,0.0337907,0.0188189,93
432,0.18686868686868685,0.17708333333333337,0.4579439252336449,0.3536231884057971,0.303309314117961,0.5375,0.24444444444444446,0.971056,0.112723,0.0641711,76,0.00656434,0.173927,0.0547101,0.462748,61
433,0.7626262626262627,0.6510416666666667,0.3551401869158879,0.5246376811594202,0.10408326661329059,0.125,0.09090909090909094,0.731927,0.0379575,0.170367,43,0.00259373,0.659701,0.0115096,0.2375,88
434,0.7626262626262627,0.6510416666666667,0.3551401869158879,0.5246376811594202,0.10408326661329059,0.125,0.09090909090909094,0.753769,0.0292438,0.265475,68,0.00147832,0.837145,0.0508106,0.117407,98
435,0.5555555555555556,0.5130208333333333,0.4439252336448598,0.5101449275362319,0.6285028022417934,0.23750000000000004,0.16666666666666663,0.857556,0.0331657,0.189473,58,0.00139351,0.67196,0.0488791,0.0501956,83
436,0.7626262626262627,0.546875,0.3551401869158879,0.5246376811594202,0.20656525220176136,0.125,0.09090909090909094,0.75419,0.0366938,0.258456,10,0.00978633,0.170457,0.0222167,0.168549,24
437,0.7626262626262627,0.5442708333333333,0.46261682242990654,0.5304347826086957,0.4651721377101682,0.125,0.16868686868686866,0.835928,0.0609924,0.461705,92,0.0015748,0.698594,0.0793257,0.367623,28
438,0.7626262626262627,0.6510416666666667,0.3551401869158879,0.5304347826086957,0.10408326661329059,0.125,0.09090909090909094,0.757898,0.106323,0.492995,4,0.00512384,0.19771,0.086372,0.0941708,50
439,0.7626262626262627,0.6510416666666667,0.3551401869158879,0.5797101449275363,0.10408326661329059,0.125,0.09090909090909094,0.706482,0.0963335,0.311484,71,0.0081609,0.398671,0.0371604,0.393098,35
440,0.33838383838383834,0.38020833333333337,0.4392523364485982,0.43768115942028984,0.5744595676541233,0.25625,0.18686868686868685,0.896475,0.00158537,0.259484,37,0.00509208,0.323795,0.0893352,0.115364,42
441,0.2676767676767676,0.29036458333333337,0.5,0.48985507246376814,0.562583400053376,0.5625,0.24848484848484853,0.929181,0.14094,0.365664,18,0.00894072,0.197133,0.0988118,0.0574457,60
442,0.4242424242424242,0.37630208333333337,0.4439252336448598,0.5101449275362319,0.5204163330664532,0.35624999999999996,0.19393939393939397,0.889001,0.0320921,0.259478,56,0.00254017,0.751613,0.0150409,0.0222508,4
443,0.7626262626262627,0.71875,0.3551401869158879,0.5246376811594202,0.20576461168935145,0.125,0.09090909090909094,0.777879,0.0363501,0.0899637,10,0.00324642,0.220495,0.0336482,0.354701,64
444,0.7626262626262627,0.7122395833333333,0.3551401869158879,0.518840579710145,0.2979717107018949,0.125,0.09090909090909094,0.793078,0.167449,0.242766,13,0.00616187,0.48156,0.0199221,0.133272,6
445,0.5757575757575757,0.40494791666666663,0.4532710280373832,0.47246376811594204,0.455964771817454,0.25,0.16767676767676765,0.852614,0.159117,0.0958723,59,0.00406284,0.487893,0.0780454,0.246747,4
446,0.7626262626262627,0.6510416666666667,0.3551401869158879,0.5797101449275363,0.10408326661329059,0.125,0.09090909090909094,0.704447,0.103683,0.441369,7,0.00899924,0.206415,0.0656316,0.100461,69
447,0.5555555555555556,0.5416666666666667,0.4719626168224299,0.5246376811594202,0.37923672271150255,0.125,0.1636363636363637,0.847519,0.0540247,0.361986,38,0.00866186,0.695387,0.040012,0.18371,29
448,0.07070707070707072,0.07161458333333337,0.2289719626168224,0.13623188405797104,0.19842540699226052,0.43125,0.13131313131313127,0.992515,0.00636865,0.184882,18,0.00917545,0.967959,0.0368523,0.380002,94
449,0.25757575757575757,0.22916666666666663,0.4532710280373832,0.4057971014492754,0.39044568988524153,0.53125,0.24747474747474751,0.956705,0.143466,0.199659,72,0.00795854,0.135755,0.0615206,0.0781085,85
450,0.09595959595959591,0.1171875,0.4112149532710281,0.24927536231884062,0.2604750467040299,0.575,0.14141414141414144,0.987304,0.157222,0.293242,31,0.00920089,0.615759,0.0744524,0.288338,80
451,0.7626262626262627,0.5364583333333333,0.3551401869158879,0.5246376811594202,0.20696557245796632,0.125,0.09090909090909094,0.768037,0.146827,0.0560681,91,0.00662187,0.176973,0.0381246,0.292477,42
452,0.7626262626262627,0.6510416666666667,0.3551401869158879,0.5797101449275363,0.10408326661329059,0.125,0.09090909090909094,0.716373,0.0358648,0.309693,10,0.00180749,0.546799,0.0126275,0.130817,33
453,0.3535353535353535,0.6692708333333333,0.49065420560747663,0.5304347826086957,0.5864691753402722,0.35,0.1707070707070707,0.908093,0.122522,0.11297,12,0.00461827,0.12627,0.0598357,0.464479,90
454,0.41414141414141414,0.41536458333333337,0.48130841121495327,0.48405797101449277,0.6154256738724313,0.48750000000000004,0.23636363636363633,0.910794,0.0225414,0.0319988,35,0.00992239,0.020714,0.0979653,0.0670993,12
455,0.7626262626262627,0.6510416666666667,0.43457943925233644,0.5333333333333333,0.10408326661329059,0.125,0.09090909090909094,0.746297,0.092817,0.269715,38,0.00271889,0.985102,0.0314782,0.160921,15
456,0.7626262626262627,0.6510416666666667,0.3551401869158879,0.536231884057971,0.10408326661329059,0.125,0.09090909090909094,0.741436,0.108476,0.170678,27,0.00623979,0.467262,0.0765943,0.0462569,74
457,0.7626262626262627,0.6510416666666667,0.4392523364485982,0.5333333333333333,0.20629837203095813,0.125,0.09090909090909094,0.744883,0.0396254,0.484134,73,0.0044447,0.421336,0.0906934,0.248947,28
458,0.06565656565656564,0.05729166666666663,0.3411214953271028,0.22318840579710142,0.20856685348278625,0.51875,0.13636363636363635,0.991966,0.142886,0.0494582,49,0.00648807,0.625204,0.0760123,0.0560476,86
459,0.7626262626262627,0.7239583333333333,0.4439252336448598,0.5304347826086957,0.5344275420336269,0.125,0.09090909090909094,0.816376,0.0716595,0.163933,88,0.00938468,0.36519,0.0390643,0.315865,5
460,0.7626262626262627,0.7122395833333333,0.36448598130841126,0.5304347826086957,0.4099279423538831,0.125,0.12929292929292935,0.804352,0.100477,0.267307,48,0.0014974,0.0288072,0.0388054,0.0886219,40
461,0.7626262626262627,0.6510416666666667,0.3551401869158879,0.5797101449275363,0.10408326661329059,0.125,0.09090909090909094,0.709444,0.125189,0.1541,33,0.000784318,0.676111,0.0274098,0.245631,96
462,0.43939393939393945,0.34895833333333337,0.4579439252336449,0.4695652173913043,0.43528155858019746,0.4,0.18484848484848482,0.918264,0.0312046,0.453758,83,0.00689108,0.357726,0.0177584,0.416154,77
463,0.03535353535353536,0.05078125,0.2710280373831776,0.1768115942028986,0.14758473445423004,0.44999999999999996,0.09292929292929297,0.996434,0.141552,0.311102,44,0.00200658,0.187327,0.0364289,0.496251,80
464,0.4040404040404041,0.43359375,0.485981308411215,0.49275362318840576,0.5545769949292767,0.49375,0.19393939393939397,0.909965,0.0109054,0.267596,81,0.000499326,0.376555,0.0910624,0.0994554,46
465,0.398989898989899,0.44921875,0.4532710280373832,0.49275362318840576,0.547904990659194,0.2875,0.18686868686868685,0.887462,0.193333,0.16855,43,0.00750792,0.0332325,0.0346511,0.0630499,99
466,0.7626262626262627,0.7161458333333333,0.3691588785046729,0.5420289855072464,0.41046170269548976,0.125,0.09090909090909094,0.80109,0.00550887,0.449478,14,0.00370812,0.231635,0.0449191,0.236368,8
467,0.2525252525252525,0.18489583333333337,0.4392523364485982,0.4173913043478261,0.3178542834267414,0.5375,0.24242424242424243,0.966038,0.149828,0.428267,14,0.00861899,0.92177,0.0593587,0.286582,17
468,0.303030303030303,0.29296875,0.4953271028037384,0.3797101449275362,0.4802508673605551,0.50625,0.2585858585858586,0.941588,0.0619606,0.316728,86,0.00366255,0.329681,0.0303671,0.48842,18
469,0.7626262626262627,0.5494791666666667,0.3551401869158879,0.5391304347826087,0.2061649319455564,0.125,0.09090909090909094,0.776315,0.0585772,0.186756,85,0.00422453,0.246748,0.0901409,0.201043,3
470,0.7626262626262627,0.5794270833333333,0.3551401869158879,0.5246376811594202,0.2060314918601548,0.125,0.09090909090909094,0.773337,0.0918153,0.147625,16,0.000473272,0.61174,0.0573083,0.457014,9
471,0.7626262626262627,0.6966145833333333,0.4392523364485982,0.536231884057971,0.2612756872164398,0.125,0.09090909090909094,0.796923,0.177811,0.0867099,11,0.000525596,0.68069,0.087245,0.0699373,4
472,0.45959595959595956,0.36588541666666663,0.46261682242990654,0.47536231884057967,0.4930611155591139,0.43125,0.1767676767676768,0.906632,0.0624727,0.405514,32,0.000828567,0.850687,0.0267806,0.0267799,7
473,0.7626262626262627,0.6510416666666667,0.4392523364485982,0.5391304347826087,0.2060314918601548,0.125,0.18181818181818177,0.762577,0.187438,0.457142,52,0.00515656,0.943797,0.0856325,0.435632,47
474,0.43939393939393945,0.453125,0.4953271028037384,0.5304347826086957,0.6160928742994396,0.25625,0.18181818181818177,0.852119,0.171738,0.420081,81,0.00793697,0.130124,0.0549858,0.124912,32
475,0.3737373737373737,0.43619791666666663,0.4392523364485982,0.46376811594202894,0.6788097144382172,0.5,0.18787878787878787,0.917181,0.120895,0.0769368,71,0.000297998,0.275493,0.0776497,0.433096,57
476,0.41414141414141414,0.42578125,0.44859813084112155,0.4869565217391304,0.6183613557512677,0.34375,0.18787878787878787,0.889725,0.116846,0.418548,84,0.00397705,0.0222085,0.095493,0.489423,55
477,0.7626262626262627,0.6510416666666667,0.3551401869158879,0.5304347826086957,0.10408326661329059,0.125,0.09090909090909094,0.747276,0.107128,0.230983,42,0.00896562,0.655845,0.0897939,0.290739,77
478,0.5858585858585859,0.59375,0.4392523364485982,0.5043478260869565,0.663063784360822,0.125,0.18888888888888888,0.868753,0.0782849,0.256098,46,0.00610523,0.392786,0.0313034,0.0196194,46
479,0.43434343434343436,0.63671875,0.4672897196261683,0.4666666666666667,0.7057646116893515,0.34375,0.21212121212121215,0.880676,0.0630017,0.4981,5,0.00309577,0.589076,0.0308938,0.0153626,73
480,0.7626262626262627,0.5364583333333333,0.4672897196261683,0.5014492753623188,0.48398718975180144,0.125,0.11717171717171715,0.842416,0.0851667,0.169049,69,0.00954538,0.213238,0.0768997,0.102799,85
481,0.7626262626262627,0.6588541666666667,0.3551401869158879,0.536231884057971,0.10408326661329059,0.125,0.09090909090909094,0.7637,0.131447,0.0477295,82,0.00109283,0.968678,0.0842588,0.491458,94
482,0.13131313131313127,0.11197916666666663,0.5093457943925234,0.3101449275362319,0.25727248465439023,0.59375,0.17474747474747476,0.979694,0.181701,0.423704,38,0.00222234,0.99836,0.0588526,0.39553,91
483,0.48484848484848486,0.44010416666666663,0.48130841121495327,0.5304347826086957,0.5950093408059781,0.34375,0.18585858585858583,0.876708,0.19095,0.0627789,81,0.000143243,0.297277,0.0598639,0.450624,32
484,0.33838383838383834,0.28645833333333337,0.47663551401869164,0.47246376811594204,0.5226848145182813,0.48124999999999996,0.2848484848484848,0.93304,0.0474165,0.0310195,67,0.00632009,0.699001,0.0681835,0.164848,13
485,0.20707070707070707,0.19921875,0.40654205607476634,0.28985507246376807,0.303709634374166,0.6125,0.19898989898989894,0.975847,0.161337,0.175389,37,0.000432514,0.766899,0.0436411,0.394009,58
486,0.398989898989899,0.48307291666666663,0.47663551401869164,0.48985507246376814,0.6234320789965306,0.25625,0.19090909090909092,0.883926,0.125101,0.47649,92,0.00898088,0.846022,0.0324342,0.122559,19
487,0.5757575757575757,0.44401041666666663,0.4439252336448598,0.527536231884058,0.40539097945022684,0.125,0.16666666666666663,0.85594,0.109672,0.0882939,87,0.002699,0.691026,0.0688382,0.0104187,57
488,0.6212121212121212,0.69921875,0.3691588785046729,0.5420289855072464,0.2060314918601548,0.125,0.09090909090909094,0.787988,0.0891928,0.109723,19,0.000634803,0.319511,0.0618373,0.176821,87
489,0.5353535353535354,0.5390625,0.44859813084112155,0.47246376811594204,0.4701094208700294,0.24375000000000002,0.18181818181818177,0.821486,0.0462126,0.338185,74,0.00500111,0.995032,0.0694976,0.266957,57
490,0.7626262626262627,0.6510416666666667,0.3551401869158879,0.5797101449275363,0.10408326661329059,0.125,0.09090909090909094,0.73397,0.120652,0.1926,94,0.00909316,0.164043,0.0142288,0.0094185,45
491,0.7626262626262627,0.6510416666666667,0.3551401869158879,0.5797101449275363,0.10408326661329059,0.125,0.09090909090909094,0.714177,0.0635776,0.100904,54,0.00886914,0.311388,0.0444801,0.222083,69
492,0.24747474747474751,0.37890625,0.49065420560747663,0.48405797101449277,0.5382973045102749,0.475,0.2272727272727273,0.921665,0.123496,0.32225,21,0.00480858,0.265999,0.058036,0.326058,47
493,0.7626262626262627,0.5390625,0.43457943925233644,0.5304347826086957,0.20656525220176136,0.125,0.09090909090909094,0.779413,0.0419979,0.347213,88,0.00519143,0.535171,0.0677076,0.443647,90
494,0.7626262626262627,0.6510416666666667,0.3551401869158879,0.5797101449275363,0.10408326661329059,0.125,0.09090909090909094,0.736176,0.14573,0.372796,57,0.00488722,0.792315,0.0894501,0.0384275,14
495,0.7626262626262627,0.5546875,0.3551401869158879,0.5246376811594202,0.20656525220176136,0.125,0.09090909090909094,0.784436,0.111043,0.407988,45,0.00942683,0.892533,0.0698973,0.374789,78
496,0.4040404040404041,0.5234375,0.4439252336448598,0.4318840579710145,0.5860688550840673,0.23124999999999996,0.1636363636363637,0.868553,0.188961,0.0604991,85,0.00760789,0.765494,0.0629002,0.039766,8
497,0.7626262626262627,0.7161458333333333,0.3551401869158879,0.527536231884058,0.20643181211635975,0.125,0.09090909090909094,0.774983,0.190612,0.469875,10,0.00640303,0.643544,0.036818,0.00301071,29
498,0.40909090909090906,0.36067708333333337,0.5093457943925234,0.5014492753623188,0.5040032025620496,0.4125,0.18787878787878787,0.924859,0.143815,0.134113,13,0.00251014,0.561943,0.0294547,0.465342,43
499,0.7626262626262627,0.7213541666666667,0.4719626168224299,0.5217391304347826,0.30264211369095273,0.125,0.09090909090909094,0.795688,0.0571446,0.371686,60,0.00720329,0.204534,0.0107041,0.206524,2
