max_value,0.7626262626262627,0.7213541666666667,0.5186915887850467,0.5855072463768116,0.72337870296237,0.6875,0.26969696969696966
clusters_found,1,2,4,3,17,16,14
index_set,0,22,244,25,137,179,47
mean_value,0.6319595959595959,0.5805182291666666,0.39744859813084116,0.5356289855072464,0.30486042167066985,0.24375,0.11403838383838387

experiment,breast_CE,diabetes_CE,glass_CE,liver_CE,pendigits_CE,shape_CE,vowel_CE,a_t,lp,dsbeta,age_wins,e_b,e_n,epsilon_ds,minwd,epochs
0,0.7626262626262627,0.6497395833333333,0.35046728971962615,0.5652173913043479,0.22818254603682941,0.125,0.09090909090909094,0.840236,0.114771,0.166434,87,0.00238447,0.522863,0.0324855,0.341018,52
1,0.7171717171717171,0.6393229166666667,0.44859813084112155,0.5536231884057972,0.4630370963437417,0.24375000000000002,0.09090909090909094,0.912114,0.151439,0.382399,16,0.00754041,0.994898,0.0627811,0.386214,52
2,0.7626262626262627,0.6510416666666667,0.3551401869158879,0.5768115942028986,0.10408326661329059,0.125,0.09090909090909094,0.763235,0.164501,0.224171,34,0.00628761,0.67206,0.0546846,0.105166,53
3,0.7626262626262627,0.6497395833333333,0.35046728971962615,0.5652173913043479,0.1982919669068588,0.125,0.09090909090909094,0.847586,0.132492,0.088342,38,0.00151722,0.140537,0.0919735,0.309141,25
4,0.7626262626262627,0.6497395833333333,0.3598130841121495,0.5594202898550724,0.19282092340539103,0.125,0.09090909090909094,0.861773,0.0935794,0.259229,80,0.000183071,0.13955,0.0802237,0.0627717,67
5,0.11111111111111116,0.19921875,0.4018691588785047,0.3826086956521739,0.4342140378969842,0.5625,0.16060606060606064,0.990718,0.192967,0.326174,36,0.0083898,0.402591,0.0182818,0.186768,5
6,0.7626262626262627,0.6510416666666667,0.3551401869158879,0.5797101449275363,0.10408326661329059,0.125,0.09090909090909094,0.718408,0.179955,0.140279,41,0.00491867,0.52886,0.0903919,0.0936395,13
7,0.7626262626262627,0.6510416666666667,0.3551401869158879,0.5797101449275363,0.10408326661329059,0.125,0.09090909090909094,0.710338,0.147018,0.0815902,56,0.00468328,0.84623,0.0480346,0.147327,80
8,0.7626262626262627,0.6497395833333333,0.3551401869158879,0.5710144927536231,0.20523085134774488,0.125,0.09090909090909094,0.801708,0.0962681,0.274658,40,0.00462118,0.628844,0.0375029,0.311332,31
9,0.7575757575757576,0.5924479166666667,0.3598130841121495,0.5565217391304348,0.23352014945289568,0.125,0.09090909090909094,0.846626,0.0558197,0.281975,91,0.00869039,0.172129,0.0196909,0.33109,45
10,0.06060606060606055,0.15364583333333337,0.383177570093458,0.2753623188405797,0.2662129703763011,0.5375,0.16969696969696968,0.99176,0.059588,0.145188,63,0.00677841,0.498138,0.0867932,0.15966,23
11,0.6111111111111112,0.62109375,0.49065420560747663,0.5304347826086957,0.678142514011209,0.5125,0.18484848484848482,0.953953,0.125037,0.0608795,26,0.00171337,0.205966,0.0651718,0.0759501,3
12,0.505050505050505,0.6588541666666667,0.4439252336448598,0.5217391304347826,0.38791032826261007,0.125,0.09090909090909094,0.841211,0.0177933,0.122342,13,0.00260093,0.48977,0.042914,0.345852,40
13,0.7373737373737373,0.6393229166666667,0.4439252336448598,0.5507246376811594,0.4794502268481452,0.24375000000000002,0.09090909090909094,0.909368,0.124354,0.366681,17,0.00671366,0.881888,0.0571926,0.242138,5
14,0.6616161616161615,0.61328125,0.4719626168224299,0.5304347826086957,0.707099012543368,0.4125,0.15050505050505047,0.953164,0.178652,0.153827,19,0.00528729,0.044856,0.0675521,0.0806405,98
15,0.7626262626262627,0.6497395833333333,0.3551401869158879,0.5739130434782609,0.10408326661329059,0.125,0.09090909090909094,0.78798,0.16917,0.118833,58,0.00809944,0.463931,0.0766167,0.264917,23
16,0.5858585858585859,0.5481770833333333,0.3551401869158879,0.5217391304347826,0.4709100613824393,0.125,0.09090909090909094,0.862076,0.0327204,0.404707,97,0.0038293,0.0283406,0.0168526,0.4887,63
17,0.02020202020202022,0.05729166666666663,0.29439252336448596,0.1768115942028986,0.07672804910595143,0.4125,0.05959595959595965,0.996687,0.167473,0.272113,11,0.000122604,0.835038,0.0110432,0.479062,12
18,0.7626262626262627,0.6510416666666667,0.3551401869158879,0.5768115942028986,0.10408326661329059,0.125,0.09090909090909094,0.758997,0.127337,0.0215302,80,0.00305684,0.6179,0.0105477,0.217176,99
19,0.16666666666666663,0.20052083333333337,0.4439252336448598,0.4173913043478261,0.34667734187349875,0.5875,0.16969696969696968,0.988666,0.0834404,0.0100741,30,0.0091262,0.657852,0.020695,0.333423,48
20,0.7626262626262627,0.6497395833333333,0.35046728971962615,0.5681159420289855,0.20523085134774488,0.125,0.09090909090909094,0.822081,0.142156,0.237057,21,0.00404758,0.661164,0.0566784,0.0877283,67
21,0.10606060606060608,0.15104166666666663,0.3598130841121495,0.2753623188405797,0.34681078195890047,0.5375,0.13434343434343432,0.992656,0.163682,0.044572,24,0.00488009,0.833278,0.0297439,0.137651,87
22,0.595959595959596,0.7213541666666667,0.48130841121495327,0.5478260869565217,0.5765946090205498,0.15000000000000002,0.1717171717171717,0.864786,0.00644117,0.324501,5,0.0030843,0.260398,0.0662785,0.296984,77
23,0.7222222222222222,0.6380208333333333,0.44859813084112155,0.5565217391304348,0.5248198558847077,0.24375000000000002,0.09090909090909094,0.91544,0.184458,0.392679,73,0.00324079,0.0204257,0.0686983,0.0169225,31
24,0.297979797979798,0.4296875,0.49065420560747663,0.5101449275362319,0.5884707766212971,0.6,0.21818181818181814,0.975157,0.147641,0.11147,84,0.00729194,0.317738,0.0817044,0.413485,35
25,0.6868686868686869,0.6197916666666667,0.4672897196261683,0.5855072463768116,0.6188951160928743,0.4,0.13030303030303025,0.937057,0.102173,0.0849077,73,0.00117472,0.137022,0.0195373,0.178711,5
26,0.4696969696969697,0.6119791666666667,0.44859813084112155,0.5043478260869565,0.536696023485455,0.125,0.13030303030303025,0.853856,0.00464108,0.153201,21,0.00368168,0.0806923,0.0928879,0.481065,60
27,0.7626262626262627,0.6510416666666667,0.3551401869158879,0.5797101449275363,0.10408326661329059,0.125,0.09090909090909094,0.729545,0.0763859,0.459332,79,0.00439447,0.928967,0.0229233,0.4656,25
28,0.16666666666666663,0.23828125,0.4158878504672897,0.4608695652173913,0.426207632772885,0.6625,0.23232323232323238,0.967063,0.024158,0.312862,41,0.00923327,0.560604,0.0134354,0.209432,75
29,0.7575757575757576,0.6497395833333333,0.3738317757009346,0.5536231884057972,0.28369362156391775,0.125,0.09090909090909094,0.840851,0.0403401,0.155127,49,0.00166354,0.277481,0.0416572,0.289597,40
30,0.7626262626262627,0.6510416666666667,0.3551401869158879,0.5797101449275363,0.10408326661329059,0.125,0.09090909090909094,0.748608,0.100492,0.348355,12,0.00705231,0.218197,0.0978466,0.383759,34
31,0.7626262626262627,0.6497395833333333,0.35046728971962615,0.5681159420289855,0.20483053109153992,0.125,0.09090909090909094,0.817911,0.132122,0.469914,29,0.00210375,0.114107,0.0422392,0.00523304,30
32,0.7626262626262627,0.6510416666666667,0.3551401869158879,0.5768115942028986,0.10408326661329059,0.125,0.09090909090909094,0.759831,0.181769,0.047225,64,0.00866586,0.0606714,0.0914884,0.183767,2
33,0.7626262626262627,0.6497395833333333,0.35046728971962615,0.5710144927536231,0.2640779290098746,0.125,0.09090909090909094,0.809197,0.0674145,0.0913356,43,0.00358753,0.848029,0.0554837,0.480555,82
34,0.3535353535353535,0.46875,0.44859813084112155,0.5014492753623188,0.6529223378702962,0.56875,0.18787878787878787,0.955398,0.06873,0.083086,64,0.00343845,0.24463,0.0351491,0.35086,52
35,0.7222222222222222,0.6393229166666667,0.4719626168224299,0.5507246376811594,0.5105417667467307,0.275,0.09090909090909094,0.911481,0.0821246,0.288691,45,0.000282946,0.40392,0.072862,0.239355,57
36,0.7626262626262627,0.6497395833333333,0.40654205607476634,0.5710144927536231,0.20563117160394984,0.125,0.09090909090909094,0.80248,0.0617371,0.393669,75,0.000727866,0.286407,0.0103212,0.00616549,86
37,0.24242424242424243,0.41015625,0.4439252336448598,0.4956521739130435,0.47758206565252204,0.6625,0.2161616161616161,0.969428,0.0507988,0.210198,9,0.00789348,0.729039,0.0265169,0.43272,62
38,0.40909090909090906,0.5260416666666667,0.4953271028037384,0.518840579710145,0.6086202295169469,0.32499999999999996,0.1717171717171717,0.91772,0.0330914,0.358815,95,0.00371561,0.262665,0.0242355,0.372043,38
39,0.7373737373737373,0.6393229166666667,0.4579439252336449,0.5536231884057972,0.2727515345609821,0.15000000000000002,0.09090909090909094,0.894571,0.148709,0.184317,19,0.00626282,0.865201,0.0873976,0.472988,21
40,0.7626262626262627,0.6497395833333333,0.35046728971962615,0.5681159420289855,0.20509741126234315,0.125,0.09090909090909094,0.826286,0.0999633,0.467573,92,0.00667221,0.874041,0.0346183,0.274912,11
41,0.7626262626262627,0.6510416666666667,0.3551401869158879,0.5797101449275363,0.10408326661329059,0.125,0.09090909090909094,0.721136,0.0856764,0.485105,60,0.00982896,0.714358,0.0951746,0.0522856,58
42,0.5858585858585859,0.6497395833333333,0.36448598130841126,0.5565217391304348,0.23271950894048576,0.125,0.09090909090909094,0.853226,0.0788764,0.230767,40,0.00759983,0.122604,0.0104667,0.0758373,22
43,0.7626262626262627,0.6510416666666667,0.3551401869158879,0.5797101449275363,0.10408326661329059,0.125,0.09090909090909094,0.70664,0.112234,0.114714,10,0.00879691,0.39602,0.0636837,0.130943,45
44,0.7626262626262627,0.6497395833333333,0.35046728971962615,0.5681159420289855,0.2053642914331465,0.125,0.09090909090909094,0.827622,0.196501,0.360744,73,0.00675827,0.604177,0.0550012,0.268599,60
45,0.7626262626262627,0.5872395833333333,0.46261682242990654,0.4956521739130435,0.40338937816920206,0.23750000000000004,0.1323232323232323,0.811589,0.00502077,0.362735,55,0.00317786,0.141863,0.0245955,0.139013,20
46,0.7626262626262627,0.6510416666666667,0.3551401869158879,0.5333333333333333,0.10408326661329059,0.125,0.09090909090909094,0.756617,0.00886942,0.213296,62,0.00704533,0.804566,0.0420768,0.366877,63
47,0.1262626262626263,0.15885416666666663,0.42056074766355145,0.33333333333333337,0.3235922070990126,0.6375,0.26969696969696966,0.971562,0.0129381,0.0182427,71,0.00998582,0.49424,0.0592879,0.260038,26
48,0.7626262626262627,0.6497395833333333,0.35046728971962615,0.5391304347826087,0.2066986922871631,0.125,0.09090909090909094,0.810969,0.0302807,0.15077,62,0.00986641,0.894705,0.0302994,0.123569,28
49,0.7626262626262627,0.6497395833333333,0.35046728971962615,0.5710144927536231,0.16159594342140382,0.125,0.09090909090909094,0.803012,0.196095,0.217541,43,0.00948938,0.448563,0.0348671,0.103162,62
50,0.4696969696969697,0.6041666666666667,0.4579439252336449,0.527536231884058,0.7053642914331465,0.6,0.17373737373737375,0.962875,0.111674,0.0691457,94,0.00916547,0.178174,0.0140893,0.106144,5
51,0.7626262626262627,0.6510416666666667,0.3551401869158879,0.5797101449275363,0.10408326661329059,0.125,0.09090909090909094,0.714106,0.156132,0.355809,77,0.00432868,0.579563,0.0708789,0.188226,86
52,0.7626262626262627,0.6497395833333333,0.3551401869158879,0.5710144927536231,0.10408326661329059,0.125,0.09090909090909094,0.798726,0.162493,0.239663,61,0.00471452,0.295682,0.0502826,0.21416,50
53,0.4797979797979798,0.6497395833333333,0.4439252336448598,0.5565217391304348,0.27875633840405656,0.125,0.09090909090909094,0.837384,0.0412854,0.353957,76,0.00269215,0.383757,0.0162119,0.365356,45
54,0.7626262626262627,0.6497395833333333,0.35046728971962615,0.5652173913043479,0.20509741126234315,0.125,0.09090909090909094,0.83834,0.141818,0.257117,52,0.00685311,0.700262,0.0419322,0.415477,22
55,0.7626262626262627,0.6497395833333333,0.3551401869158879,0.5739130434782609,0.10408326661329059,0.125,0.09090909090909094,0.777923,0.113496,0.322673,47,0.00225522,0.551632,0.033528,0.135042,77
56,0.7626262626262627,0.6497395833333333,0.3551401869158879,0.5739130434782609,0.10408326661329059,0.125,0.09090909090909094,0.78068,0.128286,0.410295,50,0.0032801,0.468698,0.0401342,0.0667689,85
57,0.4696969696969697,0.6197916666666667,0.48130841121495327,0.5014492753623188,0.6938884440886042,0.58125,0.17575757575757578,0.968596,0.183651,0.37702,67,0.00975192,0.726665,0.0356803,0.398451,72
58,0.7626262626262627,0.6497395833333333,0.3551401869158879,0.5739130434782609,0.10408326661329059,0.125,0.09090909090909094,0.79181,0.174141,0.286562,27,0.00579002,0.488017,0.0414865,0.00336381,95
59,0.7626262626262627,0.6510416666666667,0.3551401869158879,0.5797101449275363,0.10408326661329059,0.125,0.09090909090909094,0.752402,0.139739,0.2364,83,0.00261812,0.942967,0.0458353,0.238448,61
60,0.7626262626262627,0.6497395833333333,0.35046728971962615,0.5333333333333333,0.20589805177475318,0.125,0.09090909090909094,0.820586,0.0344455,0.494504,20,0.00194318,0.933293,0.060684,0.202946,16
61,0.7626262626262627,0.6510416666666667,0.3551401869158879,0.5797101449275363,0.10408326661329059,0.125,0.09090909090909094,0.712519,0.0812139,0.147558,33,0.000537507,0.637627,0.0399967,0.437311,33
62,0.7626262626262627,0.6510416666666667,0.3551401869158879,0.5797101449275363,0.10408326661329059,0.125,0.09090909090909094,0.705551,0.076633,0.209194,16,0.00397347,0.989749,0.0711488,0.267656,83
63,0.7525252525252525,0.6497395833333333,0.3598130841121495,0.5652173913043479,0.21203629570322924,0.125,0.09090909090909094,0.860653,0.192757,0.0725267,6,0.00939359,0.047838,0.0529858,0.0137056,92
64,0.7373737373737373,0.6393229166666667,0.4532710280373832,0.5536231884057972,0.3532159060581799,0.24375000000000002,0.09090909090909094,0.906414,0.131612,0.204094,66,0.00577793,0.0236809,0.077274,0.419785,17
65,0.7626262626262627,0.6497395833333333,0.35046728971962615,0.5710144927536231,0.20523085134774488,0.125,0.09090909090909094,0.807534,0.128406,0.255852,69,0.00647708,0.28458,0.0890338,0.129749,38
66,0.7626262626262627,0.6497395833333333,0.3551401869158879,0.5739130434782609,0.10408326661329059,0.125,0.09090909090909094,0.779936,0.0826385,0.311196,21,0.00819101,0.576211,0.0279873,0.104247,1
67,0.303030303030303,0.45572916666666663,0.49065420560747663,0.47536231884057967,0.5535094742460636,0.59375,0.22929292929292933,0.98335,0.175439,0.107315,43,0.0070203,0.111038,0.0427491,0.128715,90
68,0.7626262626262627,0.6497395833333333,0.3551401869158879,0.5739130434782609,0.10408326661329059,0.125,0.09090909090909094,0.781269,0.161914,0.419133,70,0.00455373,0.898871,0.0984745,0.0688776,89
69,0.5,0.5494791666666667,0.4719626168224299,0.48405797101449277,0.6555911395783294,0.56875,0.17878787878787883,0.963248,0.0989546,0.179727,18,0.00232318,0.751853,0.0355213,0.416464,80
70,0.7373737373737373,0.640625,0.3551401869158879,0.5536231884057972,0.3159861222311182,0.125,0.09090909090909094,0.885725,0.127703,0.244063,53,0.00356294,0.135096,0.0310775,0.0589115,16
71,0.5909090909090908,0.47265625,0.4672897196261683,0.5246376811594202,0.6698692287163064,0.15000000000000002,0.09090909090909094,0.878315,0.0145539,0.389452,3,0.00995757,0.780641,0.0373147,0.290998,91
72,0.4696969696969697,0.44661458333333337,0.44859813084112155,0.4608695652173913,0.48251934881238323,0.35624999999999996,0.12121212121212122,0.881236,0.00964356,0.167985,66,0.00221527,0.484483,0.0314927,0.427682,40
73,0.7626262626262627,0.6510416666666667,0.3551401869158879,0.5797101449275363,0.10408326661329059,0.125,0.09090909090909094,0.750971,0.185164,0.420992,82,0.00980571,0.612153,0.0663555,0.13859,29
74,0.7626262626262627,0.6510416666666667,0.3551401869158879,0.5797101449275363,0.10408326661329059,0.125,0.09090909090909094,0.731914,0.157427,0.455143,64,0.00884239,0.220925,0.0806,0.37364,40
75,0.297979797979798,0.35416666666666663,0.485981308411215,0.4869565217391304,0.6140912730184147,0.63125,0.202020202020202,0.977285,0.160801,0.465667,42,0.00767695,0.967723,0.0666032,0.212923,7
76,0.7626262626262627,0.6497395833333333,0.35046728971962615,0.5536231884057972,0.2981051507872965,0.125,0.09090909090909094,0.831037,0.0544435,0.293659,41,0.0034664,0.0436795,0.0727885,0.22809,39
77,0.5858585858585859,0.6497395833333333,0.3551401869158879,0.5681159420289855,0.3237256471844142,0.125,0.09090909090909094,0.865452,0.0494379,0.18877,28,0.006085,0.886824,0.0268243,0.250678,15
78,0.18686868686868685,0.20052083333333337,0.4252336448598131,0.4,0.42594075260208164,0.61875,0.24242424242424243,0.951952,0.00375347,0.253035,98,0.00159157,0.496901,0.0289598,0.412292,18
79,0.7171717171717171,0.6393229166666667,0.4579439252336449,0.5536231884057972,0.5068054443554844,0.26249999999999996,0.09090909090909094,0.909246,0.0651185,0.391214,89,0.00339536,0.56545,0.0836505,0.298707,55
80,0.4242424242424242,0.46875,0.48130841121495327,0.536231884057971,0.6411796103549506,0.51875,0.13636363636363635,0.935221,0.046969,0.347124,59,0.00564947,0.376852,0.0156641,0.302733,53
81,0.7171717171717171,0.6432291666666667,0.44859813084112155,0.5565217391304348,0.5445689885241527,0.275,0.09090909090909094,0.918312,0.0978937,0.272932,93,0.00689391,0.57175,0.073486,0.46416,71
82,0.7626262626262627,0.6497395833333333,0.35046728971962615,0.5681159420289855,0.20523085134774488,0.125,0.09090909090909094,0.831718,0.191389,0.0668547,68,0.00643151,0.103351,0.0569197,0.073763,43
83,0.010101010101010055,0.02734375,0.21028037383177567,0.07246376811594202,0.04310114758473449,0.15625,0.039393939393939426,0.99844,0.00674352,0.106656,23,0.00904523,0.557513,0.0716773,0.454433,14
84,0.7626262626262627,0.6510416666666667,0.3551401869158879,0.5739130434782609,0.10408326661329059,0.125,0.09090909090909094,0.768723,0.116815,0.13824,70,0.00834878,0.0307267,0.0881886,0.339967,20
85,0.696969696969697,0.6263020833333333,0.48130841121495327,0.5449275362318841,0.6822791566586602,0.38125,0.16060606060606064,0.931778,0.137495,0.445996,5,0.00354315,0.731571,0.0778344,0.348552,8
86,0.7626262626262627,0.6497395833333333,0.3551401869158879,0.5710144927536231,0.20483053109153992,0.125,0.09090909090909094,0.793017,0.0984055,0.357914,56,0.00182847,0.970061,0.0845018,0.115662,69
87,0.7626262626262627,0.6497395833333333,0.35046728971962615,0.5594202898550724,0.20589805177475318,0.125,0.09090909090909094,0.814126,0.0504178,0.0320208,24,0.000828061,0.339907,0.0326221,0.349594,88
88,0.7272727272727273,0.6393229166666667,0.36448598130841126,0.5536231884057972,0.4036562583400053,0.3375,0.09090909090909094,0.90435,0.122497,0.33104,8,0.00336254,0.480039,0.0923503,0.255833,27
89,0.7626262626262627,0.6510416666666667,0.3551401869158879,0.5797101449275363,0.10408326661329059,0.125,0.09090909090909094,0.701959,0.0752681,0.161214,15,0.00610124,0.0966294,0.0301512,0.161415,64
90,0.7626262626262627,0.6510416666666667,0.3551401869158879,0.5797101449275363,0.10408326661329059,0.125,0.09090909090909094,0.745554,0.158898,0.225372,90,0.00342586,0.290895,0.0565653,0.107341,14
91,0.08585858585858586,0.12890625,0.3037383177570093,0.33333333333333337,0.2548705631171604,0.60625,0.16262626262626267,0.983909,0.0134753,0.326496,82,0.00401619,0.421454,0.0558782,0.389485,30
92,0.30808080808080807,0.5989583333333333,0.48130841121495327,0.5304347826086957,0.6156925540432345,0.475,0.18181818181818177,0.928881,0.0233129,0.243444,88,0.00778919,0.977577,0.0483072,0.0513477,83
93,0.4292929292929293,0.49479166666666663,0.3691588785046729,0.5478260869565217,0.6031491860154791,0.55,0.13535353535353534,0.934183,0.0446216,0.0461607,93,0.00590715,0.0739761,0.0261906,0.30082,36
94,0.7626262626262627,0.6497395833333333,0.36448598130841126,0.5652173913043479,0.19815852682145718,0.125,0.09090909090909094,0.854745,0.125435,0.335933,56,0.00351009,0.549435,0.0855713,0.248322,23
95,0.5808080808080809,0.6497395833333333,0.36448598130841126,0.5565217391304348,0.1925540432345877,0.125,0.09090909090909094,0.843387,0.0658158,0.373383,57,0.00386848,0.509296,0.0274939,0.439161,86
96,0.010101010101010055,0.0234375,0.28971962616822433,0.08695652173913049,0.02481985588470781,0.21250000000000002,0.04040404040404044,0.998372,0.140252,0.136772,64,0.00116153,0.431375,0.0932184,0.361916,59
97,0.7373737373737373,0.6393229166666667,0.4579439252336449,0.5536231884057972,0.2896984254069923,0.125,0.09090909090909094,0.893602,0.177492,0.161777,8,0.0098596,0.962718,0.0912206,0.284374,58
98,0.7626262626262627,0.5390625,0.4392523364485982,0.5536231884057972,0.26154256738724313,0.125,0.09090909090909094,0.829755,0.0439776,0.0573284,84,0.000493649,0.234331,0.0472012,0.496116,78
99,0.7626262626262627,0.6497395833333333,0.3551401869158879,0.5710144927536231,0.16466506538564185,0.125,0.09090909090909094,0.796189,0.104942,0.0761974,37,0.00559603,0.343069,0.0918772,0.363636,49
100,0.7626262626262627,0.6510416666666667,0.3551401869158879,0.5797101449275363,0.10408326661329059,0.125,0.09090909090909094,0.738147,0.0841857,0.266086,12,0.00272914,0.0498437,0.0231144,0.0297201,7
101,0.5606060606060606,0.6263020833333333,0.49065420560747663,0.5072463768115942,0.674673071790766,0.55,0.18080808080808086,0.964357,0.136799,0.17326,3,0.00316338,0.643251,0.055623,0.0576203,79
102,0.7222222222222222,0.62109375,0.47663551401869164,0.5507246376811594,0.5148118494795837,0.23750000000000004,0.09090909090909094,0.923397,0.142964,0.0944119,81,0.00207483,0.938277,0.0337239,0.171409,41
103,0.06565656565656564,0.18489583333333337,0.4018691588785047,0.38550724637681155,0.25046704029890576,0.53125,0.14949494949494946,0.99053,0.0512063,0.356777,36,0.00188869,0.256945,0.0211279,0.14298,64
104,0.38888888888888884,0.44661458333333337,0.485981308411215,0.5043478260869565,0.5644515612489992,0.625,0.20707070707070707,0.971392,0.123208,0.497483,15,0.00303373,0.188061,0.0958977,0.192914,92
105,0.7626262626262627,0.6497395833333333,0.3551401869158879,0.5739130434782609,0.10408326661329059,0.125,0.09090909090909094,0.773662,0.103869,0.0567194,48,0.00456599,0.216787,0.0170664,0.450645,64
106,0.4494949494949495,0.5885416666666667,0.47663551401869164,0.5072463768115942,0.6534560982119029,0.63125,0.15555555555555556,0.970156,0.172665,0.00632967,60,0.00910316,0.232253,0.0108219,0.273136,18
107,0.7626262626262627,0.6497395833333333,0.35046728971962615,0.5710144927536231,0.20376301040832667,0.125,0.09090909090909094,0.816092,0.145581,0.307224,47,0.00482142,0.762601,0.0707279,0.335577,35
108,0.7626262626262627,0.6510416666666667,0.3551401869158879,0.5797101449275363,0.10408326661329059,0.125,0.09090909090909094,0.742074,0.12117,0.426192,59,0.0087447,0.901572,0.0901799,0.219922,54
109,0.7121212121212122,0.6223958333333333,0.44859813084112155,0.5565217391304348,0.5757939685081399,0.26249999999999996,0.09090909090909094,0.927113,0.154594,0.488766,17,0.0069534,0.112927,0.0850421,0.19427,54
110,0.4696969696969697,0.59765625,0.49065420560747663,0.5246376811594202,0.6960234854550307,0.54375,0.1575757575757576,0.967828,0.176556,0.205943,38,0.00647504,0.362804,0.0560301,0.151414,71
111,0.7626262626262627,0.6510416666666667,0.3551401869158879,0.5797101449275363,0.10408326661329059,0.125,0.09090909090909094,0.726863,0.134861,0.286316,17,0.00114064,0.323152,0.0368817,0.0830242,88
112,0.7626262626262627,0.6497395833333333,0.44859813084112155,0.5536231884057972,0.1948225246864158,0.125,0.09090909090909094,0.85262,0.0601723,0.27816,53,0.00411908,0.0875361,0.060551,0.164418,28
113,0.7626262626262627,0.6497395833333333,0.35046728971962615,0.5710144927536231,0.20376301040832667,0.125,0.09090909090909094,0.813276,0.168756,0.369694,86,0.00319623,0.377973,0.0858901,0.473398,95
114,0.7626262626262627,0.6497395833333333,0.35046728971962615,0.5681159420289855,0.2046970910061382,0.125,0.09090909090909094,0.828996,0.115928,0.308653,27,0.0019987,0.688991,0.0804203,0.386603,79
115,0.7222222222222222,0.6484375,0.3551401869158879,0.5681159420289855,0.23271950894048576,0.125,0.09090909090909094,0.870502,0.137646,0.330176,3,0.00126902,0.778382,0.0499478,0.402273,30
116,0.202020202020202,0.32161458333333337,0.485981308411215,0.4782608695652174,0.4795836669335468,0.59375,0.23333333333333328,0.981745,0.111179,0.319673,9,0.000524951,0.903688,0.0654574,0.0202695,51
117,0.7424242424242424,0.6484375,0.3551401869158879,0.5652173913043479,0.20362957032292506,0.125,0.09090909090909094,0.86813,0.174727,0.177903,62,0.00394823,0.663096,0.0190217,0.0254948,51
118,0.7070707070707071,0.6197916666666667,0.4392523364485982,0.5449275362318841,0.5096076861489192,0.36875,0.15454545454545454,0.929098,0.151679,0.302742,32,0.00293703,0.930511,0.0137757,0.263534,2
119,0.7626262626262627,0.6510416666666667,0.3551401869158879,0.5797101449275363,0.10408326661329059,0.125,0.09090909090909094,0.723403,0.191861,0.164947,69,0.00630186,0.185006,0.0586914,0.489203,10
120,0.1717171717171717,0.3046875,0.44859813084112155,0.43768115942028984,0.45569789164665064,0.68125,0.21818181818181814,0.956858,0.0191589,0.247016,35,0.00792538,0.959369,0.07042,0.03417,93
121,0.7626262626262627,0.6510416666666667,0.3551401869158879,0.5739130434782609,0.10408326661329059,0.125,0.09090909090909094,0.774171,0.113857,0.42859,98,0.00442134,0.275861,0.085124,0.281158,50
122,0.7373737373737373,0.6471354166666667,0.3551401869158879,0.5536231884057972,0.23405390979450225,0.125,0.09090909090909094,0.880718,0.128894,0.385873,12,0.00831552,0.648051,0.0862566,0.388096,70
123,0.7373737373737373,0.640625,0.4579439252336449,0.5536231884057972,0.20910061382439282,0.15000000000000002,0.09090909090909094,0.891909,0.144631,0.386926,99,0.00589467,0.937327,0.0904995,0.49359,21
124,0.6515151515151515,0.6223958333333333,0.48130841121495327,0.5420289855072464,0.6413130504403524,0.40625,0.13535353535353534,0.941511,0.120707,0.016627,91,0.00813372,0.373104,0.0884137,0.474212,66
125,0.2676767676767676,0.42317708333333337,0.4672897196261683,0.48405797101449277,0.42527355217507334,0.625,0.21111111111111114,0.972736,0.0607212,0.235159,86,0.00972742,0.983198,0.0730155,0.155697,73
126,0.30808080808080807,0.48177083333333337,0.4672897196261683,0.5072463768115942,0.6096877502001601,0.625,0.19494949494949498,0.972182,0.16952,0.27128,59,0.000689056,0.147699,0.0908383,0.0325077,66
127,0.3939393939393939,0.4453125,0.43457943925233644,0.5304347826086957,0.6814785161462503,0.60625,0.1636363636363637,0.940894,0.0389846,0.342153,58,0.00875587,0.600105,0.0822611,0.347083,28
128,0.7373737373737373,0.6458333333333333,0.3551401869158879,0.5565217391304348,0.20376301040832667,0.125,0.09090909090909094,0.875225,0.188891,0.297268,53,0.00958841,0.950874,0.0121005,0.00999027,35
129,0.7626262626262627,0.6510416666666667,0.3551401869158879,0.5768115942028986,0.10408326661329059,0.125,0.09090909090909094,0.764459,0.173224,0.190456,45,0.00688164,0.00230562,0.0244004,0.434914,12
130,0.7626262626262627,0.6510416666666667,0.3551401869158879,0.5797101449275363,0.10408326661329059,0.125,0.09090909090909094,0.714412,0.126448,0.0677387,10,0.00231421,0.734053,0.074851,0.223403,55
131,0.7626262626262627,0.6510416666666667,0.3551401869158879,0.5797101449275363,0.10408326661329059,0.125,0.09090909090909094,0.722286,0.0824969,0.450482,95,0.00287205,0.703314,0.0142986,0.431952,53
132,0.7626262626262627,0.6497395833333333,0.3551401869158879,0.5739130434782609,0.10408326661329059,0.125,0.09090909090909094,0.785582,0.114916,0.00583441,11,0.00787952,0.237991,0.0681142,0.461263,99
133,0.7373737373737373,0.6393229166666667,0.4532710280373832,0.5536231884057972,0.4595676541232986,0.25625,0.09090909090909094,0.905188,0.0745945,0.18608,56,0.00796283,0.680479,0.0800092,0.287448,74
134,0.4191919191919192,0.6067708333333333,0.49065420560747663,0.5101449275362319,0.6692020282892981,0.56875,0.16060606060606064,0.962232,0.0918358,0.117243,36,0.00412659,0.00879892,0.0793002,0.468779,92
135,0.2676767676767676,0.30598958333333337,0.49065420560747663,0.48985507246376814,0.5567120362957032,0.61875,0.2161616161616161,0.98068,0.190555,0.133121,65,0.00870048,0.274456,0.0645787,0.0263821,91
136,0.7373737373737373,0.6380208333333333,0.4532710280373832,0.5507246376811594,0.5644515612489992,0.24375000000000002,0.09090909090909094,0.916826,0.131476,0.388022,80,0.00296528,0.687848,0.0684451,0.244349,41
137,0.6262626262626263,0.5559895833333333,0.4672897196261683,0.5449275362318841,0.72337870296237,0.53125,0.13131313131313127,0.936187,0.0677435,0.160652,71,0.00184327,0.769925,0.0615248,0.0480462,48
138,0.7626262626262627,0.6497395833333333,0.35046728971962615,0.5710144927536231,0.20509741126234315,0.125,0.09090909090909094,0.812338,0.140403,0.444374,88,0.00392851,0.784524,0.0380284,0.391853,32
139,0.7626262626262627,0.6510416666666667,0.3551401869158879,0.5739130434782609,0.10408326661329059,0.125,0.09090909090909094,0.767981,0.0592298,0.322261,14,0.00902956,0.597031,0.0595531,0.0868099,70
140,0.7424242424242424,0.6484375,0.3551401869158879,0.5652173913043479,0.20429677074993324,0.125,0.09090909090909094,0.869272,0.169963,0.027768,34,0.00773698,0.359887,0.0112867,0.0858203,78
141,0.7626262626262627,0.6497395833333333,0.3551401869158879,0.5739130434782609,0.10408326661329059,0.125,0.09090909090909094,0.785167,0.119322,0.174353,32,0.007847,0.91618,0.0624021,0.430965,77
142,0.5808080808080809,0.6484375,0.46261682242990654,0.5217391304347826,0.41686682679476916,0.125,0.09090909090909094,0.871196,0.0418989,0.483222,42,0.00417642,0.693376,0.022623,0.0983586,60
143,0.6565656565656566,0.6158854166666667,0.4439252336448598,0.5449275362318841,0.6910862022951695,0.54375,0.17474747474747476,0.949852,0.183844,0.115563,62,0.00135801,0.302991,0.0762753,0.0491732,82
144,0.7626262626262627,0.6510416666666667,0.3551401869158879,0.5797101449275363,0.10408326661329059,0.125,0.09090909090909094,0.750623,0.0916658,0.41304,8,0.0086407,0.34704,0.0308259,0.405335,73
145,0.43434343434343436,0.6197916666666667,0.49065420560747663,0.536231884057971,0.6248999199359487,0.40625,0.12727272727272732,0.927599,0.0515609,0.108325,45,0.00560554,0.410636,0.0486714,0.181517,40
146,0.7626262626262627,0.6497395833333333,0.35046728971962615,0.5536231884057972,0.2060314918601548,0.125,0.09090909090909094,0.832405,0.0528567,0.141543,20,0.00963113,0.810675,0.0943434,0.0152563,88
147,0.7626262626262627,0.6875,0.3411214953271028,0.5420289855072464,0.3356018147851615,0.125,0.09090909090909094,0.815147,0.00143506,0.24781,13,0.00243495,0.153257,0.0821634,0.253521,98
148,0.7626262626262627,0.6497395833333333,0.3551401869158879,0.5710144927536231,0.2061649319455564,0.125,0.09090909090909094,0.808522,0.0582348,0.364554,81,0.000702612,0.810046,0.0814423,0.455909,65
149,0.18181818181818177,0.25911458333333337,0.42056074766355145,0.3652173913043478,0.31398452095009344,0.61875,0.22020202020202018,0.979367,0.0274324,0.0686904,10,0.00313806,0.748625,0.0545097,0.1018,19
150,0.7070707070707071,0.62109375,0.4672897196261683,0.5391304347826087,0.4830531091539899,0.39375000000000004,0.13535353535353534,0.929974,0.144227,0.291424,54,0.00755798,0.436675,0.0443548,0.247005,60
151,0.7626262626262627,0.6497395833333333,0.3551401869158879,0.5739130434782609,0.10408326661329059,0.125,0.09090909090909094,0.789227,0.193941,0.481706,91,0.00518614,0.770924,0.054128,0.438433,59
152,0.23232323232323238,0.41927083333333337,0.485981308411215,0.4695652173913043,0.5560448358686949,0.60625,0.24343434343434345,0.981514,0.143257,0.262451,25,0.00495642,0.144358,0.0412835,0.234486,37
153,0.7626262626262627,0.6510416666666667,0.3551401869158879,0.5797101449275363,0.10408326661329059,0.125,0.09090909090909094,0.73661,0.0790161,0.0784916,79,0.00601381,0.295197,0.0946343,0.492382,33
154,0.7626262626262627,0.6510416666666667,0.3551401869158879,0.5797101449275363,0.10408326661329059,0.125,0.09090909090909094,0.74346,0.057535,0.377588,90,0.00829521,0.716041,0.0150713,0.0380388,39
155,0.7626262626262627,0.6510416666666667,0.3551401869158879,0.5768115942028986,0.10408326661329059,0.125,0.09090909090909094,0.755243,0.0708435,0.427774,61,0.00329854,0.898066,0.0274353,0.0128921,75
156,0.7626262626262627,0.6497395833333333,0.3551401869158879,0.5710144927536231,0.19815852682145718,0.125,0.09090909090909094,0.799293,0.0894321,0.0494314,67,0.00580367,0.798193,0.069777,0.17682,12
157,0.7575757575757576,0.6497395833333333,0.3598130841121495,0.5652173913043479,0.23271950894048576,0.125,0.09090909090909094,0.858236,0.115287,0.168944,15,0.00618669,0.0575735,0.0999788,0.375683,76
158,0.7424242424242424,0.6484375,0.3551401869158879,0.5536231884057972,0.20443021083533497,0.125,0.09090909090909094,0.876313,0.0846522,0.282772,91,0.00899179,0.52943,0.0770053,0.0556837,4
159,0.7373737373737373,0.640625,0.4719626168224299,0.5536231884057972,0.2910328262610088,0.21250000000000002,0.09090909090909094,0.892314,0.0805571,0.447291,91,0.00548086,0.753227,0.0997111,0.0541942,85
160,0.4545454545454546,0.5716145833333333,0.4392523364485982,0.5043478260869565,0.41099546303709633,0.3375,0.09090909090909094,0.895061,0.0313255,0.22793,70,0.00281664,0.492602,0.0469286,0.316597,93
161,0.7474747474747474,0.6497395833333333,0.36448598130841126,0.5652173913043479,0.25687216439818517,0.125,0.09090909090909094,0.855276,0.153468,0.132543,21,0.00292895,0.106259,0.0149707,0.163131,36
162,0.7424242424242424,0.6497395833333333,0.3598130841121495,0.5565217391304348,0.23245262876968242,0.125,0.09090909090909094,0.866421,0.108253,0.403857,88,0.00570258,0.486874,0.0213191,0.303495,43
163,0.7373737373737373,0.6393229166666667,0.3691588785046729,0.5536231884057972,0.4424873231918869,0.15000000000000002,0.09090909090909094,0.902211,0.149354,0.345954,14,0.00815459,0.434279,0.0787895,0.0674776,9
164,0.7626262626262627,0.6510416666666667,0.3551401869158879,0.5565217391304348,0.10408326661329059,0.125,0.09090909090909094,0.775716,0.0433702,0.499002,93,0.00285314,0.67336,0.0966267,0.307377,24
165,0.7626262626262627,0.6497395833333333,0.35046728971962615,0.5681159420289855,0.2053642914331465,0.125,0.09090909090909094,0.833843,0.143787,0.23882,9,0.00700786,0.267409,0.0525611,0.276736,36
166,0.7373737373737373,0.640625,0.3551401869158879,0.5536231884057972,0.21443821724045908,0.125,0.09090909090909094,0.886289,0.140978,0.460423,70,0.00697062,0.443371,0.046684,0.324812,84
167,0.7373737373737373,0.6393229166666667,0.44859813084112155,0.5536231884057972,0.30784627702161727,0.21875,0.09090909090909094,0.896966,0.110284,0.396415,76,0.00917631,0.389482,0.0677182,0.406589,15
168,0.7626262626262627,0.6510416666666667,0.3551401869158879,0.5797101449275363,0.10408326661329059,0.125,0.09090909090909094,0.733103,0.155168,0.0622107,69,0.00752029,0.721661,0.0775591,0.046067,55
169,0.7373737373737373,0.6432291666666667,0.4439252336448598,0.5420289855072464,0.5024019215372297,0.25,0.09090909090909094,0.914785,0.0871371,0.409404,60,0.00800705,0.91255,0.0359722,0.0773774,87
170,0.35858585858585856,0.484375,0.4392523364485982,0.5072463768115942,0.6373098478783026,0.44999999999999996,0.16969696969696968,0.925296,0.0318253,0.23371,89,0.00181393,0.272274,0.0111092,0.0451031,12
171,0.5909090909090908,0.53515625,0.3738317757009346,0.5565217391304348,0.3050440352281826,0.125,0.09090909090909094,0.85752,0.0378415,0.276255,74,0.00325136,0.795088,0.0894555,0.245693,13
172,0.7121212121212122,0.6380208333333333,0.4579439252336449,0.5536231884057972,0.47477982385908724,0.24375000000000002,0.09090909090909094,0.916217,0.145398,0.440772,15,0.00606034,0.837985,0.0750074,0.124302,66
173,0.7626262626262627,0.6510416666666667,0.3551401869158879,0.5797101449275363,0.10408326661329059,0.125,0.09090909090909094,0.720232,0.0263711,0.221242,28,0.00946358,0.292923,0.0116302,0.399491,33
174,0.7626262626262627,0.6510416666666667,0.3551401869158879,0.5797101449275363,0.10408326661329059,0.125,0.09090909090909094,0.735471,0.0294591,0.156379,39,0.00311646,0.307678,0.067864,0.470237,4
175,0.7626262626262627,0.6510416666666667,0.3551401869158879,0.5797101449275363,0.10408326661329059,0.125,0.09090909090909094,0.720774,0.176198,0.0457231,54,0.00241627,0.891372,0.0880203,0.408011,41
176,0.7070707070707071,0.62109375,0.4392523364485982,0.5594202898550724,0.6676007472644783,0.50625,0.13535353535353534,0.939419,0.199037,0.372216,51,0.00545293,0.523808,0.0712825,0.154915,38
177,0.5858585858585859,0.6497395833333333,0.4532710280373832,0.5536231884057972,0.19388844408860417,0.125,0.09090909090909094,0.857272,0.0629969,0.434637,71,0.00465543,0.640409,0.0629782,0.134303,74
178,0.7626262626262627,0.6510416666666667,0.3551401869158879,0.5797101449275363,0.10408326661329059,0.125,0.09090909090909094,0.741134,0.0373232,0.453412,17,0.00137929,0.861597,0.071761,0.184945,40
179,0.18181818181818177,0.3203125,0.397196261682243,0.42898550724637685,0.3967173738991193,0.6875,0.24848484848484853,0.957861,0.0103189,0.248753,98,0.00110022,0.993298,0.023971,0.393117,29
180,0.7626262626262627,0.6510416666666667,0.3551401869158879,0.5797101449275363,0.10408326661329059,0.125,0.09090909090909094,0.700074,0.196904,0.276602,44,0.00479544,0.413505,0.0796444,0.229738,58
181,0.7626262626262627,0.6510416666666667,0.3551401869158879,0.5797101449275363,0.10408326661329059,0.125,0.09090909090909094,0.722785,0.0814374,0.263976,34,0.00990185,0.986939,0.0393482,0.276338,68
182,0.7626262626262627,0.6497395833333333,0.3551401869158879,0.5739130434782609,0.10408326661329059,0.125,0.09090909090909094,0.776111,0.178955,0.126425,17,0.00479134,0.0669069,0.0705914,0.337327,96
183,0.7626262626262627,0.6497395833333333,0.35046728971962615,0.5536231884057972,0.20589805177475318,0.125,0.09090909090909094,0.826065,0.0696635,0.37854,31,0.00655268,0.852608,0.0832695,0.165422,19
184,0.595959595959596,0.6171875,0.4719626168224299,0.536231884057971,0.6964238057112356,0.5,0.17979797979797985,0.946617,0.0987264,0.29909,41,0.000882941,0.814769,0.0741021,0.271242,25
185,0.7626262626262627,0.5403645833333333,0.4532710280373832,0.48405797101449277,0.4822524686415799,0.125,0.09090909090909094,0.834213,0.00834573,0.102344,81,0.00951179,0.0505842,0.0785472,0.278403,28
186,0.6464646464646464,0.6158854166666667,0.4953271028037384,0.5478260869565217,0.6426474512943688,0.5375,0.1717171717171717,0.951339,0.153135,0.313529,44,0.00667973,0.761023,0.0774587,0.35945,41
187,0.7626262626262627,0.6510416666666667,0.3551401869158879,0.5797101449275363,0.10408326661329059,0.125,0.09090909090909094,0.708576,0.123969,0.424574,74,0.00079473,0.632276,0.0389282,0.291492,49
188,0.7373737373737373,0.6393229166666667,0.4579439252336449,0.5536231884057972,0.20082732852949026,0.125,0.09090909090909094,0.894119,0.175242,0.451423,100,0.0060579,0.471042,0.0433752,0.478524,81
189,0.7626262626262627,0.6497395833333333,0.35046728971962615,0.5710144927536231,0.2647451294368829,0.125,0.09090909090909094,0.807963,0.0663341,0.429816,98,0.0023539,0.957354,0.0313961,0.285342,29
190,0.7525252525252525,0.6497395833333333,0.36448598130841126,0.5652173913043479,0.20443021083533497,0.125,0.09090909090909094,0.856544,0.139283,0.030141,67,0.00457588,0.411222,0.0276557,0.121482,98
191,0.12121212121212122,0.29947916666666663,0.4299065420560748,0.45507246376811594,0.4029890579129971,0.6125,0.2141414141414142,0.98546,0.0773019,0.204699,14,0.00616415,0.0186962,0.0319896,0.312958,32
192,0.7373737373737373,0.6393229166666667,0.4579439252336449,0.536231884057971,0.2635441686682679,0.125,0.09090909090909094,0.895628,0.131052,0.384539,68,0.00664595,0.92671,0.0193212,0.177705,85
193,0.3232323232323232,0.45052083333333337,0.4719626168224299,0.5159420289855072,0.6519882572724847,0.3125,0.1777777777777778,0.921125,0.034245,0.290676,55,0.00680823,0.563266,0.0127359,0.0808829,46
194,0.7373737373737373,0.6393229166666667,0.4579439252336449,0.5536231884057972,0.2586068855084067,0.23124999999999996,0.09090909090909094,0.898186,0.154096,0.372525,75,0.00452381,0.20303,0.067188,0.42335,2
195,0.7424242424242424,0.6484375,0.3551401869158879,0.5536231884057972,0.23325326928209233,0.125,0.09090909090909094,0.872465,0.106768,0.193549,62,0.00126114,0.162394,0.03382,0.0650036,66
196,0.7626262626262627,0.6497395833333333,0.3551401869158879,0.5536231884057972,0.20696557245796632,0.125,0.09090909090909094,0.782938,0.0290093,0.35948,51,0.00147099,0.50631,0.0886545,0.145599,49
197,0.23232323232323238,0.35677083333333337,0.49065420560747663,0.48405797101449277,0.5209500934080598,0.625,0.19696969696969702,0.978186,0.100966,0.337455,48,0.00784006,0.0369922,0.0737097,0.0243581,27
198,0.6060606060606061,0.6145833333333333,0.47663551401869164,0.527536231884058,0.7081665332265812,0.55,0.1777777777777778,0.961767,0.145955,0.157496,9,0.00509506,0.686424,0.0935461,0.334342,9
199,0.6111111111111112,0.6354166666666667,0.4719626168224299,0.5449275362318841,0.5416333066453163,0.36250000000000004,0.13131313131313127,0.932912,0.0874089,0.0863638,84,0.00208175,0.858385,0.0173313,0.00424102,69
200,0.7626262626262627,0.6497395833333333,0.35046728971962615,0.5768115942028986,0.20563117160394984,0.125,0.09090909090909094,0.797557,0.0573835,0.257865,13,0.000430954,0.758381,0.0824954,0.320278,42
201,0.7626262626262627,0.6510416666666667,0.3551401869158879,0.5768115942028986,0.10408326661329059,0.125,0.09090909090909094,0.75922,0.187464,0.351636,90,0.00376939,0.405739,0.0138879,0.425408,36
202,0.7626262626262627,0.6510416666666667,0.3551401869158879,0.5797101449275363,0.10408326661329059,0.125,0.09090909090909094,0.754948,0.142661,0.0931595,61,0.00969446,0.330461,0.0590928,0.378089,70
203,0.7626262626262627,0.6497395833333333,0.35046728971962615,0.5565217391304348,0.20589805177475318,0.125,0.09090909090909094,0.828113,0.0521615,0.0250076,4,0.00841497,0.149555,0.0601428,0.315864,71
204,0.7373737373737373,0.6393229166666667,0.4579439252336449,0.5507246376811594,0.4504937283159861,0.15625,0.09090909090909094,0.901426,0.180808,0.395955,24,0.00121277,0.064752,0.0362091,0.10869,77
205,0.7626262626262627,0.6510416666666667,0.3551401869158879,0.5797101449275363,0.10408326661329059,0.125,0.09090909090909094,0.713065,0.18249,0.474253,28,0.0051396,0.394686,0.0834593,0.351427,56
206,0.11111111111111116,0.17447916666666663,0.397196261682243,0.35652173913043483,0.2760875366960235,0.66875,0.2585858585858586,0.966502,0.00811604,0.0579918,55,0.00961776,0.515594,0.049751,0.234957,76
207,0.7626262626262627,0.6497395833333333,0.35046728971962615,0.5681159420289855,0.20416333066453163,0.125,0.09090909090909094,0.848324,0.180274,0.280671,47,0.000227506,0.628027,0.0758881,0.166436,79
208,0.7626262626262627,0.6510416666666667,0.3551401869158879,0.5797101449275363,0.10408326661329059,0.125,0.09090909090909094,0.713486,0.161116,0.417089,97,0.00614692,0.0715509,0.0145728,0.453898,91
209,0.5757575757575757,0.6145833333333333,0.48130841121495327,0.5246376811594202,0.6736055511075527,0.51875,0.17575757575757578,0.950966,0.106454,0.0954238,57,0.00134249,0.186047,0.0216006,0.242837,80
210,0.13636363636363635,0.21484375,0.4719626168224299,0.2376811594202899,0.45436349079263416,0.6125,0.18484848484848482,0.987011,0.166534,0.164593,30,0.000169791,0.625739,0.0242139,0.471438,22
211,0.7626262626262627,0.6510416666666667,0.3551401869158879,0.5797101449275363,0.10408326661329059,0.125,0.09090909090909094,0.709139,0.159154,0.216527,46,0.00722341,0.819184,0.0255087,0.498595,34
212,0.5151515151515151,0.5755208333333333,0.3551401869158879,0.5536231884057972,0.4504937283159861,0.125,0.09090909090909094,0.878076,0.0536198,0.411902,78,0.00575258,0.964852,0.0582702,0.129055,51
213,0.7626262626262627,0.6510416666666667,0.3551401869158879,0.5768115942028986,0.10408326661329059,0.125,0.09090909090909094,0.756047,0.0109497,0.394759,1,0.00523252,0.288496,0.0610347,0.325476,9
214,0.7626262626262627,0.6510416666666667,0.3551401869158879,0.5797101449275363,0.10408326661329059,0.125,0.09090909090909094,0.700783,0.0114809,0.214097,85,0.00979473,0.230072,0.0695792,0.323902,15
215,0.7626262626262627,0.6510416666666667,0.3551401869158879,0.5797101449275363,0.10408326661329059,0.125,0.09090909090909094,0.749542,0.13807,0.0433191,30,0.00807903,0.313619,0.0118077,0.410184,14
216,0.5858585858585859,0.6119791666666667,0.4719626168224299,0.5449275362318841,0.6834801174272751,0.50625,0.17575757575757578,0.956446,0.195328,0.342688,76,0.00485354,0.586403,0.0931058,0.21623,53
217,0.7575757575757576,0.6497395833333333,0.3551401869158879,0.5652173913043479,0.2507339204697091,0.125,0.09090909090909094,0.869911,0.181682,0.0898327,3,0.00285055,0.475363,0.049253,0.482202,81
218,0.38383838383838387,0.47265625,0.4672897196261683,0.527536231884058,0.6658660261542567,0.44375,0.17373737373737375,0.961154,0.182354,0.0264815,22,0.000329391,0.348036,0.0899155,0.223971,14
219,0.7626262626262627,0.6510416666666667,0.3551401869158879,0.5797101449275363,0.10408326661329059,0.125,0.09090909090909094,0.710136,0.0527364,0.300952,76,0.00249602,0.00749988,0.0738707,0.179765,35
220,0.7626262626262627,0.6510416666666667,0.3551401869158879,0.5797101449275363,0.10408326661329059,0.125,0.09090909090909094,0.724249,0.157382,0.446799,35,0.00861321,0.44284,0.0613342,0.289111,26
221,0.7626262626262627,0.6497395833333333,0.35046728971962615,0.5536231884057972,0.2061649319455564,0.125,0.09090909090909094,0.832828,0.0619597,0.198431,85,0.000934132,0.502761,0.0926386,0.487921,17
222,0.7626262626262627,0.6497395833333333,0.35046728971962615,0.5652173913043479,0.20136108887109683,0.125,0.09090909090909094,0.85196,0.174123,0.314644,52,0.000565066,0.010426,0.0617901,0.225633,18
223,0.7626262626262627,0.6497395833333333,0.3551401869158879,0.5739130434782609,0.10408326661329059,0.125,0.09090909090909094,0.778451,0.0955996,0.343879,22,0.00297578,0.934745,0.0853264,0.0616672,31
224,0.7626262626262627,0.6497395833333333,0.3551401869158879,0.5739130434782609,0.10408326661329059,0.125,0.09090909090909094,0.790228,0.10891,0.175056,99,0.00474987,0.665684,0.0131652,0.00952713,3
225,0.7626262626262627,0.7096354166666667,0.3551401869158879,0.5304347826086957,0.2068321323725647,0.125,0.09090909090909094,0.786914,0.00247665,0.476682,84,0.00953379,0.660311,0.0365196,0.15052,24
226,0.7626262626262627,0.6497395833333333,0.35046728971962615,0.5710144927536231,0.20456365092073658,0.125,0.09090909090909094,0.804342,0.121971,0.242322,38,0.00058447,0.605634,0.0249167,0.306187,76
227,0.7373737373737373,0.640625,0.47663551401869164,0.5536231884057972,0.2975713904456899,0.21875,0.09090909090909094,0.890083,0.0784446,0.301906,3,0.00421161,0.418487,0.0619224,0.22899,24
228,0.7626262626262627,0.6510416666666667,0.3551401869158879,0.5797101449275363,0.10408326661329059,0.125,0.09090909090909094,0.708063,0.152977,0.331599,13,0.00448722,0.513786,0.0585067,0.495464,2
229,0.1717171717171717,0.234375,0.4252336448598131,0.4173913043478261,0.40112089671737394,0.5875,0.19191919191919193,0.986102,0.0881079,0.327358,30,0.00161726,0.870165,0.0517342,0.142711,92
230,0.7626262626262627,0.6497395833333333,0.35046728971962615,0.5681159420289855,0.20509741126234315,0.125,0.09090909090909094,0.822774,0.0839614,0.0358344,95,0.00276057,0.645819,0.0825688,0.330307,32
231,0.18181818181818177,0.23307291666666663,0.40654205607476634,0.45797101449275357,0.530157459300774,0.6125,0.202020202020202,0.984937,0.188056,0.19582,66,0.00244974,0.182291,0.0915623,0.19933,54
232,0.7626262626262627,0.6510416666666667,0.3551401869158879,0.5739130434782609,0.10408326661329059,0.125,0.09090909090909094,0.758493,0.171504,0.464239,73,0.000502705,0.0826556,0.0869673,0.364999,78
233,0.26262626262626265,0.36458333333333337,0.49065420560747663,0.48115942028985503,0.5150787296503869,0.61875,0.2535353535353535,0.979176,0.109769,0.294919,37,0.00333524,0.352502,0.0940806,0.22202,25
234,0.7626262626262627,0.6510416666666667,0.3551401869158879,0.5797101449275363,0.10408326661329059,0.125,0.09090909090909094,0.70319,0.178334,0.388497,5,0.0079965,0.224899,0.0299142,0.127253,44
235,0.28787878787878785,0.37109375,0.49065420560747663,0.4956521739130435,0.46143581531892175,0.65625,0.23333333333333328,0.965284,0.0381979,0.176965,65,0.00143415,0.31625,0.0888165,0.483037,58
236,0.3484848484848485,0.42447916666666663,0.485981308411215,0.49855072463768113,0.5475046704029891,0.59375,0.23232323232323238,0.974028,0.0897671,0.274204,46,0.00906286,0.420965,0.0425339,0.356138,35
237,0.7626262626262627,0.6510416666666667,0.3551401869158879,0.5797101449275363,0.10408326661329059,0.125,0.09090909090909094,0.734072,0.0662206,0.278556,34,0.00765476,0.590159,0.0588477,0.463901,60
238,0.06060606060606055,0.14973958333333337,0.3130841121495327,0.34202898550724636,0.26728049105951424,0.5875,0.17373737373737375,0.988224,0.0352054,0.438991,19,0.00770093,0.595529,0.0673155,0.11326,3
239,0.7626262626262627,0.6510416666666667,0.3551401869158879,0.5797101449275363,0.10408326661329059,0.125,0.09090909090909094,0.715677,0.166051,0.462168,78,0.00302436,0.303794,0.0330008,0.20379,56
240,0.5707070707070707,0.5690104166666667,0.485981308411215,0.5333333333333333,0.6489191353082466,0.26875000000000004,0.09090909090909094,0.919244,0.0568553,0.0373437,37,0.00907333,0.0923108,0.0856766,0.494759,46
241,0.7626262626262627,0.6510416666666667,0.3551401869158879,0.5797101449275363,0.10408326661329059,0.125,0.09090909090909094,0.745208,0.0587685,0.218412,47,0.00034075,0.783474,0.0563082,0.260865,21
242,0.7272727272727273,0.6354166666666667,0.4532710280373832,0.5333333333333333,0.49319455564451564,0.23750000000000004,0.09090909090909094,0.917285,0.129936,0.467051,82,0.00464721,0.614745,0.0685324,0.240114,45
243,0.31313131313131315,0.43489583333333337,0.49065420560747663,0.47246376811594204,0.53789698425407,0.5375,0.20101010101010097,0.965834,0.0727301,0.316411,18,0.00530141,0.547911,0.0948904,0.342439,24
244,0.5858585858585859,0.7122395833333333,0.5186915887850467,0.4608695652173913,0.3985855350947425,0.125,0.12929292929292935,0.843747,0.00185675,0.203543,67,0.00852892,0.343739,0.0452074,0.100034,17
245,0.06565656565656564,0.09114583333333337,0.3037383177570093,0.19130434782608696,0.270483053109154,0.49375,0.12222222222222223,0.993506,0.152059,0.195213,17,0.0025572,0.849738,0.0876198,0.0115152,97
246,0.7626262626262627,0.6510416666666667,0.3551401869158879,0.5797101449275363,0.10408326661329059,0.125,0.09090909090909094,0.731249,0.022623,0.33268,29,0.00075126,0.0351828,0.0831679,0.197969,85
247,0.5808080808080809,0.5390625,0.4439252336448598,0.5304347826086957,0.4538297304510275,0.125,0.09090909090909094,0.881907,0.0309285,0.0927623,96,0.00898542,0.226846,0.0622085,0.285927,22
248,0.7626262626262627,0.6510416666666667,0.3551401869158879,0.5797101449275363,0.10408326661329059,0.125,0.09090909090909094,0.742659,0.136591,0.383413,9,0.00460846,0.889771,0.0153228,0.401146,42
249,0.7626262626262627,0.6497395833333333,0.3551401869158879,0.5739130434782609,0.16306378436082203,0.125,0.09090909090909094,0.78207,0.0565125,0.287821,31,0.0059374,0.912144,0.074429,0.272081,78
250,0.7626262626262627,0.6510416666666667,0.3551401869158879,0.5797101449275363,0.10408326661329059,0.125,0.09090909090909094,0.72478,0.0959288,0.400594,33,0.00622469,0.642488,0.0352003,0.442284,57
251,0.7626262626262627,0.6510416666666667,0.3551401869158879,0.5797101449275363,0.10408326661329059,0.125,0.09090909090909094,0.715313,0.198136,0.221583,36,0.00175402,0.438963,0.0985845,0.462822,27
252,0.6717171717171717,0.62109375,0.4672897196261683,0.5681159420289855,0.6643981852148385,0.475,0.12323232323232325,0.93776,0.161659,0.215044,46,0.00118951,0.426025,0.0540203,0.118963,10
253,0.7626262626262627,0.6848958333333333,0.4392523364485982,0.5594202898550724,0.10408326661329059,0.125,0.09090909090909094,0.77078,0.0176119,0.143538,6,0.00540594,0.168849,0.0950791,0.446196,34
254,0.7626262626262627,0.6510416666666667,0.3551401869158879,0.5768115942028986,0.20523085134774488,0.125,0.09090909090909094,0.821496,0.105908,0.142252,1,0.0051532,0.0336374,0.0532375,0.354969,42
255,0.5151515151515151,0.6458333333333333,0.3551401869158879,0.5652173913043479,0.22858286629303448,0.125,0.09090909090909094,0.87732,0.0737783,0.0894635,10,0.00893879,0.670321,0.0390172,0.343595,27
256,0.4949494949494949,0.6497395833333333,0.47663551401869164,0.5043478260869565,0.4059247397918335,0.25,0.09090909090909094,0.867266,0.0366664,0.463479,7,0.00203735,0.747342,0.0792478,0.38855,74
257,0.7626262626262627,0.6510416666666667,0.3551401869158879,0.5797101449275363,0.10408326661329059,0.125,0.09090909090909094,0.744011,0.134573,0.166893,50,0.00763199,0.973678,0.0271391,0.426973,84
258,0.6919191919191919,0.6223958333333333,0.485981308411215,0.5565217391304348,0.5082732852949026,0.29374999999999996,0.09090909090909094,0.926529,0.138374,0.39929,64,0.000671052,0.953518,0.0975579,0.0684091,38
259,0.28787878787878785,0.35807291666666663,0.485981308411215,0.45507246376811594,0.6311716039498265,0.50625,0.18888888888888888,0.933675,0.0182018,0.223356,47,0.00271108,0.800979,0.0445103,0.0210785,81
260,0.7626262626262627,0.6497395833333333,0.35046728971962615,0.5710144927536231,0.26087536696023483,0.125,0.09090909090909094,0.815428,0.0807231,0.144014,80,0.00422706,0.399328,0.0220014,0.0477131,22
261,0.4040404040404041,0.5078125,0.485981308411215,0.5101449275362319,0.5947424606351748,0.32499999999999996,0.13737373737373737,0.921848,0.0405038,0.42309,61,0.00290919,0.356568,0.0530219,0.435612,98
262,0.7626262626262627,0.6497395833333333,0.35046728971962615,0.5652173913043479,0.20483053109153992,0.125,0.09090909090909094,0.83525,0.197577,0.178678,78,0.00428434,0.451751,0.0790332,0.0180782,16
263,0.7626262626262627,0.6510416666666667,0.3551401869158879,0.5768115942028986,0.10408326661329059,0.125,0.09090909090909094,0.763582,0.189535,0.279845,56,0.00449956,0.299652,0.02921,0.484863,48
264,0.7626262626262627,0.6510416666666667,0.3551401869158879,0.5797101449275363,0.10408326661329059,0.125,0.09090909090909094,0.739549,0.0356644,0.477938,72,0.00624328,0.118601,0.0435252,0.202075,17
265,0.7626262626262627,0.6510416666666667,0.3551401869158879,0.5797101449275363,0.10408326661329059,0.125,0.09090909090909094,0.730977,0.0942794,0.0519976,92,0.00349791,0.398179,0.0827551,0.424486,71
266,0.7626262626262627,0.6497395833333333,0.3551401869158879,0.5710144927536231,0.20429677074993324,0.125,0.09090909090909094,0.803753,0.14977,0.402244,72,0.00638787,0.430881,0.0121747,0.17509,68
267,0.7373737373737373,0.6393229166666667,0.44859813084112155,0.5507246376811594,0.23779023218574857,0.125,0.09090909090909094,0.884326,0.122081,0.237737,18,0.000763943,0.998489,0.0115904,0.300114,54
268,0.7373737373737373,0.6393229166666667,0.3551401869158879,0.5565217391304348,0.1890846010141447,0.125,0.09090909090909094,0.884105,0.13356,0.241347,35,0.00805285,0.791007,0.0100528,0.39333,8
269,0.7626262626262627,0.6510416666666667,0.3551401869158879,0.5797101449275363,0.10408326661329059,0.125,0.09090909090909094,0.75707,0.187103,0.349767,92,0.00895139,0.195518,0.0437349,0.279914,61
270,0.7626262626262627,0.6510416666666667,0.3551401869158879,0.5797101449275363,0.10408326661329059,0.125,0.09090909090909094,0.735907,0.18462,0.264623,83,0.00621775,0.539459,0.0304309,0.3696,7
271,0.7626262626262627,0.6510416666666667,0.3551401869158879,0.5797101449275363,0.10408326661329059,0.125,0.09090909090909094,0.746924,0.199567,0.227375,62,0.0072565,0.87508,0.047321,0.0926801,43
272,0.3282828282828283,0.5208333333333333,0.4392523364485982,0.5333333333333333,0.521617293835068,0.275,0.1383838383838384,0.912898,0.0335819,0.0175863,39,0.00693719,0.408311,0.086445,0.0629582,62
273,0.7626262626262627,0.6497395833333333,0.35046728971962615,0.5536231884057972,0.29677074993328,0.125,0.09090909090909094,0.830704,0.0427061,0.448594,32,0.00924889,0.177398,0.0993353,0.436177,90
274,0.2828282828282829,0.32291666666666663,0.5,0.5101449275362319,0.6307712836936216,0.41874999999999996,0.18181818181818177,0.923864,0.0186751,0.369143,48,0.00520009,0.331581,0.0503264,0.189374,80
275,0.7626262626262627,0.6497395833333333,0.35046728971962615,0.5652173913043479,0.20523085134774488,0.125,0.09090909090909094,0.83983,0.165397,0.20717,40,0.00330824,0.88492,0.0990011,0.175952,37
276,0.7626262626262627,0.6510416666666667,0.3551401869158879,0.5797101449275363,0.10408326661329059,0.125,0.09090909090909094,0.710814,0.171049,0.252429,46,0.00761504,0.306754,0.0266984,0.362352,6
277,0.5353535353535354,0.6393229166666667,0.485981308411215,0.5594202898550724,0.4141980250867361,0.21875,0.09090909090909094,0.898587,0.0741652,0.255042,23,0.00651332,0.828808,0.0263052,0.17008,67
278,0.3939393939393939,0.52734375,0.44859813084112155,0.5304347826086957,0.551374432879637,0.125,0.09090909090909094,0.876673,0.026819,0.21857,81,0.00522645,0.826825,0.0661485,0.443893,52
279,0.7626262626262627,0.6510416666666667,0.3551401869158879,0.5797101449275363,0.10408326661329059,0.125,0.09090909090909094,0.740199,0.0464115,0.458765,93,0.000845963,0.201332,0.0781626,0.212305,37
280,0.11616161616161613,0.13411458333333337,0.43457943925233644,0.29565217391304344,0.2806244995996797,0.65,0.2141414141414142,0.976351,0.00717058,0.152626,59,0.00734128,0.270887,0.0410651,0.294546,48
281,0.7626262626262627,0.6497395833333333,0.35046728971962615,0.5710144927536231,0.20523085134774488,0.125,0.09090909090909094,0.819273,0.165076,0.361511,5,0.00595487,0.954549,0.0259053,0.0501505,20
282,0.7626262626262627,0.6497395833333333,0.36448598130841126,0.5536231884057972,0.23218574859887908,0.125,0.09090909090909094,0.851879,0.104415,0.0718252,94,0.00710621,0.478201,0.0385292,0.466379,69
283,0.7626262626262627,0.6510416666666667,0.3551401869158879,0.5739130434782609,0.10408326661329059,0.125,0.09090909090909094,0.761215,0.136042,0.182651,16,0.00375889,0.725922,0.0866199,0.307866,65
284,0.7424242424242424,0.6484375,0.3551401869158879,0.5565217391304348,0.2038964504937283,0.125,0.09090909090909094,0.872853,0.177259,0.0316195,54,0.005328,0.535094,0.0252865,0.139795,68
285,0.2525252525252525,0.37630208333333337,0.5,0.48115942028985503,0.46410461702695494,0.6125,0.22525252525252526,0.982268,0.120222,0.487816,63,0.00716349,0.156879,0.064823,0.141379,74
286,0.6363636363636364,0.6171875,0.485981308411215,0.536231884057971,0.6080864691753403,0.575,0.18282828282828278,0.945264,0.118855,0.45689,68,0.0030039,0.867758,0.0527194,0.143859,78
287,0.4797979797979798,0.4296875,0.4392523364485982,0.4956521739130435,0.5876701361088872,0.24375000000000002,0.09090909090909094,0.886624,0.0221616,0.135717,2,0.00320911,0.214558,0.0702762,0.283211,88
288,0.7474747474747474,0.6497395833333333,0.3457943925233645,0.5652173913043479,0.2626100880704564,0.125,0.09090909090909094,0.863922,0.148079,0.263462,12,0.00932806,0.573805,0.0287685,0.120711,6
289,0.7373737373737373,0.640625,0.3551401869158879,0.5536231884057972,0.23218574859887908,0.125,0.09090909090909094,0.883366,0.150308,0.00970721,79,0.00500803,0.507147,0.043271,0.0713596,49
290,0.3939393939393939,0.45442708333333337,0.4719626168224299,0.518840579710145,0.6040832666132907,0.575,0.19090909090909092,0.957553,0.0502357,0.371015,21,0.00361564,0.608026,0.096456,0.367882,23
291,0.7626262626262627,0.6510416666666667,0.3551401869158879,0.5391304347826087,0.2060314918601548,0.125,0.09090909090909094,0.769916,0.0282167,0.49674,45,0.00598324,0.745499,0.0523848,0.372276,82
292,0.3939393939393939,0.5598958333333333,0.485981308411215,0.5217391304347826,0.6970910061382439,0.44999999999999996,0.16666666666666663,0.941953,0.0488162,0.303424,86,0.00714374,0.190877,0.0396358,0.0194053,28
293,0.43939393939393945,0.44401041666666663,0.4719626168224299,0.5101449275362319,0.5875366960234855,0.24375000000000002,0.18181818181818177,0.890507,0.0155405,0.228774,87,0.00047346,0.0762058,0.0783429,0.352684,61
294,0.7626262626262627,0.5403645833333333,0.3551401869158879,0.45797101449275357,0.2060314918601548,0.125,0.09090909090909094,0.772239,0.00758193,0.304652,87,0.00927595,0.120666,0.0593924,0.0970262,26
295,0.7626262626262627,0.6497395833333333,0.35046728971962615,0.5681159420289855,0.20509741126234315,0.125,0.09090909090909094,0.821288,0.164823,0.491105,55,0.002738,0.946378,0.0608161,0.347948,93
296,0.4242424242424242,0.34114583333333337,0.4953271028037384,0.4492753623188406,0.5951427808913798,0.25,0.18080808080808086,0.875113,0.00546752,0.0110687,80,0.0042567,0.57836,0.0636392,0.154223,29
297,0.4242424242424242,0.44140625,0.49065420560747663,0.5304347826086957,0.44168668267947686,0.29374999999999996,0.09090909090909094,0.907109,0.0338805,0.425634,58,0.0052527,0.0733368,0.0544028,0.183433,100
298,0.7575757575757576,0.6497395833333333,0.3598130841121495,0.5652173913043479,0.20563117160394984,0.125,0.09090909090909094,0.860112,0.177773,0.300091,20,0.00435862,0.590881,0.0787181,0.218826,8
299,0.7626262626262627,0.6510416666666667,0.3551401869158879,0.5797101449275363,0.10408326661329059,0.125,0.09090909090909094,0.741404,0.0169078,0.00737857,95,0.00853771,0.0584583,0.0406233,0.248688,55
300,0.7626262626262627,0.6510416666666667,0.43457943925233644,0.5797101449275363,0.10408326661329059,0.125,0.09090909090909094,0.721628,0.0195964,0.199133,96,0.00550647,0.198488,0.0690716,0.0885486,19
301,0.7626262626262627,0.6497395833333333,0.3551401869158879,0.5536231884057972,0.23218574859887908,0.125,0.09090909090909094,0.858771,0.113123,0.482487,49,0.000117214,0.166883,0.0668255,0.0287704,6
302,0.7626262626262627,0.5390625,0.35046728971962615,0.536231884057971,0.2060314918601548,0.125,0.09090909090909094,0.783741,0.0011581,0.350646,40,0.00597722,0.980484,0.0696975,0.0332256,13
303,0.7626262626262627,0.6497395833333333,0.3551401869158879,0.5710144927536231,0.2053642914331465,0.125,0.09090909090909094,0.799995,0.119877,0.415075,68,0.00661979,0.961205,0.0935066,0.158414,30
304,0.7626262626262627,0.6510416666666667,0.3551401869158879,0.5797101449275363,0.10408326661329059,0.125,0.09090909090909094,0.719583,0.0397747,0.00152363,58,0.00150429,0.0527466,0.0236677,0.293083,39
305,0.11616161616161613,0.11588541666666663,0.3411214953271028,0.2985507246376812,0.3018414731785428,0.61875,0.18484848484848482,0.976235,0.00417183,0.117917,85,0.00130075,0.923485,0.0807549,0.48685,10
306,0.015151515151515138,0.0859375,0.3271028037383178,0.1507246376811594,0.07819589004536964,0.38125,0.054545454545454564,0.997268,0.148596,0.261216,4,0.00440169,0.862612,0.0405638,0.491936,52
307,0.7626262626262627,0.6510416666666667,0.3551401869158879,0.5768115942028986,0.10408326661329059,0.125,0.09090909090909094,0.760408,0.0649429,0.49234,86,0.00993438,0.0622928,0.0133075,0.227016,48
308,0.7626262626262627,0.6497395833333333,0.3551401869158879,0.5739130434782609,0.10408326661329059,0.125,0.09090909090909094,0.776626,0.11425,0.0645395,73,0.0088998,0.775699,0.0125129,0.217567,76
309,0.7626262626262627,0.6497395833333333,0.3551401869158879,0.5739130434782609,0.16319722444622364,0.125,0.09090909090909094,0.795674,0.166954,0.457753,77,0.0099758,0.717249,0.015406,0.0786384,3
310,0.7626262626262627,0.6510416666666667,0.3551401869158879,0.5797101449275363,0.10408326661329059,0.125,0.09090909090909094,0.727257,0.0887668,0.0595353,28,0.00612081,0.632909,0.0732666,0.485537,17
311,0.7626262626262627,0.6497395833333333,0.35046728971962615,0.5681159420289855,0.1996263677608754,0.125,0.09090909090909094,0.814813,0.151028,0.374776,40,0.00186626,0.428443,0.0653589,0.185652,39
312,0.7626262626262627,0.6497395833333333,0.3551401869158879,0.5739130434782609,0.19348812383239922,0.125,0.09090909090909094,0.779109,0.0637525,0.340192,79,0.00212585,0.680872,0.015824,0.293779,93
313,0.7373737373737373,0.640625,0.3551401869158879,0.5536231884057972,0.19001868161195623,0.125,0.09090909090909094,0.885336,0.159872,0.112043,75,0.00937824,0.450589,0.0522382,0.457254,87
314,0.5303030303030303,0.5950520833333333,0.3598130841121495,0.518840579710145,0.29903923138510813,0.125,0.09090909090909094,0.855494,0.047264,0.041307,49,0.00718121,0.708649,0.0306888,0.126506,42
315,0.7626262626262627,0.6497395833333333,0.35046728971962615,0.5681159420289855,0.20056044835868692,0.125,0.09090909090909094,0.817278,0.192097,0.398166,58,0.00337501,0.53205,0.0367666,0.304584,66
316,0.7626262626262627,0.6510416666666667,0.3551401869158879,0.5768115942028986,0.10408326661329059,0.125,0.09090909090909094,0.762029,0.0443571,0.225953,18,0.00548934,0.624709,0.0326856,0.321239,60
317,0.7626262626262627,0.6510416666666667,0.3551401869158879,0.5797101449275363,0.10408326661329059,0.125,0.09090909090909094,0.744478,0.0758451,0.430857,38,0.00444096,0.381656,0.0188894,0.420453,94
318,0.7626262626262627,0.6510416666666667,0.3551401869158879,0.5797101449275363,0.10408326661329059,0.125,0.09090909090909094,0.716947,0.0868349,0.109297,4,0.00738669,0.326166,0.0889632,0.382542,33
319,0.7626262626262627,0.6510416666666667,0.3551401869158879,0.5797101449275363,0.10408326661329059,0.125,0.09090909090909094,0.727702,0.0614225,0.437556,55,0.00174086,0.83075,0.087525,0.311854,8
320,0.045454545454545414,0.13411458333333337,0.3598130841121495,0.3101449275362319,0.2139044568988524,0.5,0.11717171717171715,0.995374,0.133113,0.499763,39,0.00967062,0.817544,0.0417526,0.108932,90
321,0.7070707070707071,0.6263020833333333,0.47663551401869164,0.5507246376811594,0.6091539898585535,0.34375,0.1323232323232323,0.932229,0.16309,0.219682,2,0.00363693,0.130914,0.0859716,0.451244,69
322,0.7373737373737373,0.6380208333333333,0.4719626168224299,0.5391304347826087,0.4879903923138511,0.25625,0.09090909090909094,0.912362,0.101645,0.435708,48,0.00659492,0.222671,0.016556,0.286714,18
323,0.7626262626262627,0.6497395833333333,0.35046728971962615,0.5710144927536231,0.2767547371230318,0.125,0.09090909090909094,0.810034,0.0496005,0.120922,96,0.00724621,0.375059,0.0689971,0.201381,83
324,0.7626262626262627,0.6497395833333333,0.35046728971962615,0.5652173913043479,0.20456365092073658,0.125,0.09090909090909094,0.838968,0.185541,0.0548008,38,0.00259357,0.154038,0.0994614,0.32701,14
325,0.7626262626262627,0.6510416666666667,0.3551401869158879,0.5797101449275363,0.10408326661329059,0.125,0.09090909090909094,0.725259,0.0132451,0.200444,11,0.00409213,0.546894,0.0441544,0.148469,25
326,0.6565656565656566,0.62109375,0.49065420560747663,0.5449275362318841,0.5300240192153722,0.35624999999999996,0.13434343434343432,0.934447,0.107837,0.329051,23,0.00531763,0.337978,0.064315,0.16028,32
327,0.7424242424242424,0.6497395833333333,0.3457943925233645,0.5652173913043479,0.20576461168935145,0.125,0.09090909090909094,0.866194,0.191048,0.454714,51,0.0016421,0.445506,0.0383669,0.0993042,86
328,0.3282828282828283,0.42447916666666663,0.49065420560747663,0.5333333333333333,0.5840672538030425,0.275,0.09090909090909094,0.905895,0.0203049,0.0700211,97,0.00966324,0.991811,0.0719338,0.0272472,21
329,0.7626262626262627,0.6497395833333333,0.3551401869158879,0.5739130434782609,0.10408326661329059,0.125,0.09090909090909094,0.772542,0.0722598,0.323496,64,0.00737833,0.269026,0.0363656,0.261969,82
330,0.7626262626262627,0.7122395833333333,0.4392523364485982,0.5449275362318841,0.29837203095809983,0.125,0.09090909090909094,0.79855,0.0232473,0.0652807,32,0.00277372,0.474728,0.0512916,0.0790843,15
331,0.23737373737373735,0.37369791666666663,0.4953271028037384,0.4492753623188406,0.5777955697891647,0.59375,0.19898989898989894,0.984385,0.168358,0.00215972,94,0.00507179,0.9094,0.0768978,0.255212,6
332,0.7373737373737373,0.6393229166666667,0.4532710280373832,0.5536231884057972,0.32052308513477445,0.21875,0.09090909090909094,0.897525,0.068211,0.11009,4,0.0097168,0.556646,0.0626859,0.182419,34
333,0.7626262626262627,0.5377604166666667,0.4392523364485982,0.5391304347826087,0.10408326661329059,0.125,0.09090909090909094,0.747268,0.0118607,0.270131,63,0.00882668,0.582472,0.0962985,0.417196,73
334,0.7626262626262627,0.6510416666666667,0.3551401869158879,0.5768115942028986,0.10408326661329059,0.125,0.09090909090909094,0.757554,0.116295,0.127007,100,0.00107208,0.87724,0.0198398,0.418343,93
335,0.7626262626262627,0.6510416666666667,0.3551401869158879,0.5797101449275363,0.10408326661329059,0.125,0.09090909090909094,0.70747,0.0384163,0.436468,10,0.00200232,0.236393,0.0982499,0.499826,2
336,0.13131313131313127,0.20572916666666663,0.3551401869158879,0.3797101449275362,0.4382172404590339,0.5625,0.1585858585858586,0.989918,0.193344,0.201495,26,0.00502091,0.099359,0.0573761,0.33239,62
337,0.02020202020202022,0.07291666666666663,0.2850467289719626,0.16521739130434787,0.14625033360021356,0.45625000000000004,0.0757575757575758,0.996477,0.0776204,0.480597,33,0.00681722,0.764871,0.0954258,0.31479,15
338,0.6060606060606061,0.6276041666666667,0.47663551401869164,0.527536231884058,0.5987456631972244,0.475,0.16666666666666663,0.946064,0.0973316,0.431978,4,0.00573307,0.10511,0.0204088,0.0179151,82
339,0.7626262626262627,0.7174479166666667,0.3551401869158879,0.5797101449275363,0.10408326661329059,0.125,0.09090909090909094,0.701226,0.0125212,0.290301,77,0.00219812,0.109269,0.0286824,0.395209,64
340,0.7626262626262627,0.6497395833333333,0.35046728971962615,0.5681159420289855,0.20523085134774488,0.125,0.09090909090909094,0.827199,0.111525,0.150621,35,0.0068443,0.851377,0.093827,0.0142478,84
341,0.7373737373737373,0.6393229166666667,0.48130841121495327,0.5536231884057972,0.4943955164131305,0.24375000000000002,0.09090909090909094,0.903346,0.0553434,0.0733903,41,0.00124629,0.841949,0.0656345,0.476215,2
342,0.7626262626262627,0.6497395833333333,0.3551401869158879,0.5710144927536231,0.20483053109153992,0.125,0.09090909090909094,0.796982,0.0863728,0.187673,19,0.00309575,0.253448,0.0270125,0.169296,24
343,0.7626262626262627,0.6497395833333333,0.35046728971962615,0.5681159420289855,0.20523085134774488,0.125,0.09090909090909094,0.818744,0.156309,0.468094,89,0.00554851,0.61575,0.0488181,0.40416,19
344,0.7474747474747474,0.6497395833333333,0.3457943925233645,0.5652173913043479,0.2626100880704564,0.125,0.09090909090909094,0.863141,0.158008,0.0973926,76,0.00922409,0.511786,0.0231498,0.441431,59
345,0.7626262626262627,0.6497395833333333,0.35046728971962615,0.5652173913043479,0.20576461168935145,0.125,0.09090909090909094,0.846361,0.135424,0.398834,2,0.00749239,0.741558,0.0973962,0.337215,32
346,0.7626262626262627,0.6497395833333333,0.35046728971962615,0.5710144927536231,0.20523085134774488,0.125,0.09090909090909094,0.816821,0.102025,0.231665,92,0.00771117,0.949551,0.0184662,0.252719,82
347,0.7626262626262627,0.6510416666666667,0.3551401869158879,0.5797101449275363,0.10408326661329059,0.125,0.09090909090909094,0.749852,0.0551279,0.194409,32,0.00652039,0.353531,0.0580009,0.0535523,11
348,0.7222222222222222,0.6393229166666667,0.46261682242990654,0.5507246376811594,0.5384307445956765,0.25625,0.09090909090909094,0.91047,0.152585,0.0611848,26,0.00145951,0.619362,0.05075,0.215432,20
349,0.1262626262626263,0.23697916666666663,0.4018691588785047,0.4318840579710145,0.4463570856685348,0.575,0.17979797979797985,0.98943,0.160565,0.159144,96,0.00859055,0.193205,0.0296108,0.323346,4
350,0.7070707070707071,0.62109375,0.49065420560747663,0.5478260869565217,0.6358420069388844,0.48750000000000004,0.1585858585858586,0.938963,0.18571,0.471739,77,0.000606641,0.00424348,0.0721205,0.279149,63
351,0.7373737373737373,0.6393229166666667,0.4439252336448598,0.5536231884057972,0.3157192420603149,0.22499999999999998,0.09090909090909094,0.900022,0.124594,0.285196,27,0.00775527,0.460365,0.0282187,0.168342,56
352,0.7626262626262627,0.6497395833333333,0.3551401869158879,0.5739130434782609,0.10408326661329059,0.125,0.09090909090909094,0.76671,0.189709,0.212365,50,0.00252976,0.014639,0.0222166,0.497066,11
353,0.7626262626262627,0.6497395833333333,0.3551401869158879,0.5739130434782609,0.20483053109153992,0.125,0.09090909090909094,0.794976,0.0946804,0.051286,63,0.00266579,0.173989,0.0342263,0.192105,31
354,0.2676767676767676,0.5390625,0.4579439252336449,0.5246376811594202,0.6439818521483853,0.51875,0.18282828282828278,0.955037,0.0563155,0.101444,100,0.00585374,0.32491,0.0510352,0.405088,9
355,0.5555555555555556,0.71875,0.46261682242990654,0.5217391304347826,0.3653589538297305,0.23124999999999996,0.09090909090909094,0.824767,0.00581532,0.119879,31,0.0039008,0.213018,0.0308874,0.205084,50
356,0.6515151515151515,0.6197916666666667,0.49065420560747663,0.5478260869565217,0.6238323992527355,0.5375,0.18282828282828278,0.944868,0.121468,0.311878,11,0.00178598,0.440992,0.069282,0.101344,7
357,0.7626262626262627,0.6510416666666667,0.3551401869158879,0.5797101449275363,0.10408326661329059,0.125,0.09090909090909094,0.711927,0.188735,0.175731,65,0.00557128,0.737194,0.0234292,0.152371,89
358,0.5505050505050505,0.36458333333333337,0.4439252336448598,0.5043478260869565,0.6187616760074727,0.29374999999999996,0.13434343434343432,0.874273,0.00282212,0.0536699,87,0.000400166,0.969999,0.0562031,0.189739,74
359,0.7626262626262627,0.6510416666666667,0.3551401869158879,0.5797101449275363,0.10408326661329059,0.125,0.09090909090909094,0.725739,0.0691423,0.15838,52,0.0021493,0.904722,0.0969445,0.0967651,4
360,0.7626262626262627,0.6497395833333333,0.3551401869158879,0.5739130434782609,0.10408326661329059,0.125,0.09090909090909094,0.792668,0.175821,0.01441,52,0.00490553,0.246207,0.0358797,0.0941313,13
361,0.24242424242424243,0.3125,0.43457943925233644,0.4057971014492754,0.47491326394448896,0.6875,0.26868686868686864,0.960227,0.0211864,0.443097,22,0.00537304,0.258057,0.0715583,0.265682,56
362,0.2828282828282829,0.34114583333333337,0.47663551401869164,0.5217391304347826,0.5282892981051508,0.59375,0.1898989898989899,0.943187,0.0270333,0.244842,72,0.00710983,0.171078,0.0602605,0.460323,84
363,0.7070707070707071,0.6223958333333333,0.44859813084112155,0.5507246376811594,0.4603682946357086,0.23750000000000004,0.09090909090909094,0.920176,0.194802,0.105708,50,0.00807978,0.209008,0.0551956,0.321453,62
364,0.7626262626262627,0.6510416666666667,0.3551401869158879,0.5797101449275363,0.10408326661329059,0.125,0.09090909090909094,0.753317,0.162911,0.131377,39,0.00888865,0.921789,0.0537447,0.241008,97
365,0.7626262626262627,0.6497395833333333,0.3551401869158879,0.5739130434782609,0.10408326661329059,0.125,0.09090909090909094,0.781577,0.0921695,0.0197496,25,0.00803055,0.310227,0.0800326,0.095753,47
366,0.7626262626262627,0.6497395833333333,0.3551401869158879,0.5739130434782609,0.10408326661329059,0.125,0.09090909090909094,0.769208,0.100755,0.340398,69,0.00928985,0.67703,0.0256902,0.24472,57
367,0.7626262626262627,0.6497395833333333,0.35046728971962615,0.5652173913043479,0.20523085134774488,0.125,0.09090909090909094,0.841814,0.158261,0.298287,34,0.00735909,0.609172,0.0739712,0.195661,49
368,0.6212121212121212,0.6197916666666667,0.47663551401869164,0.5420289855072464,0.6506538564184681,0.525,0.13535353535353534,0.942302,0.0993706,0.305943,67,0.00720495,0.370622,0.0644699,0.458441,58
369,0.6565656565656566,0.6197916666666667,0.4719626168224299,0.5449275362318841,0.6006138243928476,0.50625,0.1636363636363637,0.939816,0.167252,0.391956,22,0.00192721,0.518733,0.0322865,0.0357487,12
370,0.6262626262626263,0.609375,0.47663551401869164,0.5304347826086957,0.6639978649586336,0.56875,0.13434343434343432,0.959574,0.190146,0.0158177,26,0.00100243,0.594691,0.0332413,0.301485,50
371,0.7626262626262627,0.6497395833333333,0.35046728971962615,0.5710144927536231,0.20576461168935145,0.125,0.09090909090909094,0.81251,0.112711,0.0226273,71,0.00817202,0.37942,0.0956765,0.328831,46
372,0.5707070707070707,0.62890625,0.49065420560747663,0.5304347826086957,0.5906058179877235,0.38749999999999996,0.16868686868686866,0.943597,0.0857905,0.439379,69,0.00552773,0.0792971,0.021771,0.111484,47
373,0.6313131313131313,0.6145833333333333,0.4953271028037384,0.536231884057971,0.7136375767280492,0.53125,0.16161616161616166,0.948753,0.0931529,0.0241381,7,0.00157808,0.858041,0.0848164,0.379419,45
374,0.7626262626262627,0.6510416666666667,0.3551401869158879,0.5797101449275363,0.10408326661329059,0.125,0.09090909090909094,0.737542,0.144734,0.495501,89,0.000203718,0.879209,0.0318612,0.0888989,28
375,0.7626262626262627,0.6497395833333333,0.35046728971962615,0.5681159420289855,0.20402989057913,0.125,0.09090909090909094,0.825121,0.0912276,0.47515,78,0.0003089,0.453406,0.0455351,0.380378,15
376,0.7626262626262627,0.6510416666666667,0.3551401869158879,0.5797101449275363,0.10408326661329059,0.125,0.09090909090909094,0.716195,0.0642058,0.250016,20,0.00931557,0.115829,0.0632919,0.156976,98
377,0.7626262626262627,0.6497395833333333,0.3551401869158879,0.5710144927536231,0.10408326661329059,0.125,0.09090909090909094,0.796354,0.195137,0.266842,83,0.00414948,0.68372,0.0462048,0.282321,95
378,0.7626262626262627,0.6510416666666667,0.3551401869158879,0.5797101449275363,0.10408326661329059,0.125,0.09090909090909094,0.754385,0.170764,0.103974,24,0.00384839,0.0697887,0.0205818,0.251801,19
379,0.7626262626262627,0.6510416666666667,0.3551401869158879,0.5797101449275363,0.10408326661329059,0.125,0.09090909090909094,0.730388,0.075505,0.0295012,53,0.00216418,0.587593,0.0988483,0.145867,99
380,0.5858585858585859,0.6497395833333333,0.47663551401869164,0.5449275362318841,0.23325326928209233,0.125,0.09090909090909094,0.834701,0.0299694,0.124259,60,0.00247862,0.388458,0.0991506,0.257676,36
381,0.7525252525252525,0.5703125,0.44859813084112155,0.5304347826086957,0.4534294101948225,0.24375000000000002,0.09090909090909094,0.867609,0.0395551,0.472892,51,0.00914665,0.0121755,0.0843286,0.231767,67
382,0.7626262626262627,0.6510416666666667,0.3551401869158879,0.5565217391304348,0.10408326661329059,0.125,0.09090909090909094,0.765657,0.0258174,0.338343,12,0.00836759,0.424003,0.0756565,0.341999,94
383,0.2676767676767676,0.3125,0.485981308411215,0.47536231884057967,0.47998398718975177,0.6125,0.202020202020202,0.947922,0.0163771,0.0422931,20,0.00544146,0.0406573,0.0460389,0.0428333,68
384,0.7272727272727273,0.54296875,0.4719626168224299,0.5304347826086957,0.5603149186015479,0.375,0.1707070707070707,0.922754,0.0667233,0.409099,60,0.000864657,0.416859,0.0892069,0.381875,33
385,0.5151515151515151,0.5755208333333333,0.44859813084112155,0.5333333333333333,0.5408326661329064,0.25625,0.09090909090909094,0.908127,0.0321015,0.380065,45,0.00942526,0.542077,0.0237301,0.401708,50
386,0.23232323232323238,0.34505208333333337,0.46261682242990654,0.4695652173913043,0.5523085134774486,0.50625,0.24343434343434345,0.925859,0.00912315,0.148657,85,0.00977328,0.0939393,0.0518564,0.161859,95
387,0.5858585858585859,0.6471354166666667,0.3551401869158879,0.5594202898550724,0.46704029890579135,0.125,0.09090909090909094,0.879555,0.0539556,0.368149,38,0.0049797,0.12753,0.0575283,0.353846,5
388,0.7626262626262627,0.6510416666666667,0.3551401869158879,0.5797101449275363,0.10408326661329059,0.125,0.09090909090909094,0.734946,0.126055,0.245912,5,0.00434848,0.820438,0.0746737,0.467203,92
389,0.3232323232323232,0.37760416666666663,0.4392523364485982,0.5478260869565217,0.6551908193221243,0.275,0.18080808080808086,0.91402,0.0244861,0.0751806,97,0.00707915,0.787999,0.0910108,0.0318061,26
390,0.7575757575757576,0.6497395833333333,0.3598130841121495,0.518840579710145,0.3073125166800107,0.125,0.09090909090909094,0.849121,0.0429838,0.334623,94,0.00541992,0.9157,0.0253965,0.00728204,97
391,0.6262626262626263,0.5520833333333333,0.4719626168224299,0.5101449275362319,0.463303976514545,0.26875000000000004,0.09090909090909094,0.896237,0.0362653,0.0871855,2,0.00845977,0.458547,0.0316081,0.220679,77
392,0.6060606060606061,0.6223958333333333,0.44859813084112155,0.5333333333333333,0.6900186816119562,0.575,0.16767676767676765,0.95867,0.195966,0.128906,95,0.00822246,0.707924,0.0895603,0.318879,34
393,0.7626262626262627,0.6510416666666667,0.3551401869158879,0.5797101449275363,0.10408326661329059,0.125,0.09090909090909094,0.73918,0.0486992,0.347341,67,0.00583558,0.779367,0.0753312,0.421376,10
394,0.5353535353535354,0.5013020833333333,0.4672897196261683,0.4782608695652174,0.6405124099279423,0.475,0.203030303030303,0.948967,0.069943,0.0122402,75,0.000626969,0.996415,0.0347164,0.452581,97
395,0.5858585858585859,0.6497395833333333,0.36448598130841126,0.5536231884057972,0.2947691486522551,0.125,0.09090909090909094,0.850276,0.0831141,0.486268,74,0.000372262,0.500067,0.0649023,0.114666,16
396,0.7626262626262627,0.6510416666666667,0.3551401869158879,0.5797101449275363,0.10408326661329059,0.125,0.09090909090909094,0.718815,0.0733348,0.413452,29,0.00955677,0.0913906,0.0549558,0.295524,89
397,0.7575757575757576,0.6497395833333333,0.35046728971962615,0.5652173913043479,0.19562316519882572,0.125,0.09090909090909094,0.851163,0.12313,0.405763,88,0.00446728,0.0546946,0.0293586,0.0708517,11
398,0.7626262626262627,0.6510416666666667,0.3551401869158879,0.5797101449275363,0.10408326661329059,0.125,0.09090909090909094,0.728627,0.13329,0.13058,83,0.00564119,0.28321,0.0454487,0.297766,65
399,0.3787878787878788,0.43229166666666663,0.5046728971962617,0.5246376811594202,0.6418468107819588,0.275,0.18484848484848482,0.901596,0.0113053,0.103333,77,0.00254363,0.125002,0.076467,0.397814,30
400,0.7626262626262627,0.6497395833333333,0.3551401869158879,0.5710144927536231,0.20576461168935145,0.125,0.09090909090909094,0.801501,0.110813,0.345302,88,0.00744275,0.567011,0.0598559,0.0907498,85
401,0.7626262626262627,0.6497395833333333,0.35046728971962615,0.5652173913043479,0.26434480918067793,0.125,0.09090909090909094,0.845289,0.170162,0.202004,65,0.00141914,0.50385,0.0536166,0.339051,91
402,0.7626262626262627,0.6510416666666667,0.4299065420560748,0.5333333333333333,0.10408326661329059,0.125,0.09090909090909094,0.746466,0.00435736,0.253721,29,0.00403233,0.0882499,0.0125734,0.332245,70
403,0.7626262626262627,0.6510416666666667,0.3551401869158879,0.5739130434782609,0.10408326661329059,0.125,0.09090909090909094,0.762559,0.0747826,0.47833,86,0.00153375,0.655871,0.0976913,0.31807,99
404,0.23737373737373735,0.22786458333333337,0.5,0.41159420289855075,0.4412863624232719,0.65,0.2090909090909091,0.96411,0.0220537,0.0965622,4,0.00504404,0.979679,0.0924408,0.173069,16
405,0.4191919191919192,0.7135416666666667,0.49065420560747663,0.5101449275362319,0.4993327995729917,0.36875,0.13535353535353534,0.888497,0.0161134,0.180818,59,0.00943252,0.0248117,0.0201237,0.429216,27
406,0.08080808080808077,0.1328125,0.4018691588785047,0.3913043478260869,0.355484387510008,0.55,0.16060606060606064,0.992085,0.156707,0.336929,74,0.00877853,0.204618,0.0438421,0.111969,39
407,0.7626262626262627,0.6510416666666667,0.3551401869158879,0.5797101449275363,0.10408326661329059,0.125,0.09090909090909094,0.706181,0.129376,0.461478,37,0.00674074,0.719514,0.0381839,0.136113,21
408,0.7626262626262627,0.6510416666666667,0.3551401869158879,0.5797101449275363,0.10408326661329059,0.125,0.09090909090909094,0.705363,0.0852455,0.00806725,49,0.00872551,0.481156,0.0725235,0.444736,36
409,0.7424242424242424,0.6471354166666667,0.3551401869158879,0.5565217391304348,0.23258606885508404,0.125,0.09090909090909094,0.873433,0.135789,0.181742,85,0.00832754,0.667994,0.0214756,0.116244,43
410,0.505050505050505,0.69921875,0.4439252336448598,0.5681159420289855,0.39498265278889777,0.24375000000000002,0.09090909090909094,0.848144,0.020083,0.128515,25,0.00170338,0.227874,0.0495515,0.235697,85
411,0.7626262626262627,0.6497395833333333,0.3551401869158879,0.5710144927536231,0.20549773151854822,0.125,0.09090909090909094,0.794231,0.0711955,0.415343,57,0.00633709,0.462163,0.0754081,0.190821,70
412,0.7373737373737373,0.6627604166666667,0.4532710280373832,0.5536231884057972,0.4807846277021617,0.21875,0.09090909090909094,0.902764,0.064614,0.284204,31,0.00747523,0.333886,0.0344085,0.377175,96
413,0.7626262626262627,0.6510416666666667,0.3551401869158879,0.5797101449275363,0.10408326661329059,0.125,0.09090909090909094,0.729222,0.188395,0.0361352,44,0.00947037,0.161577,0.0208716,0.0306363,75
414,0.5707070707070707,0.43229166666666663,0.514018691588785,0.4782608695652174,0.40552441953562846,0.25,0.09090909090909094,0.844319,0.00993517,0.401584,92,0.00427707,0.52608,0.016781,0.0742264,64
415,0.5808080808080809,0.6106770833333333,0.4579439252336449,0.5449275362318841,0.6283693621563917,0.48750000000000004,0.15959595959595962,0.954298,0.117552,0.0287658,6,0.00671075,0.807953,0.028168,0.20825,10
416,0.7626262626262627,0.6497395833333333,0.3551401869158879,0.5739130434782609,0.1856151587937016,0.125,0.09090909090909094,0.783638,0.0632025,0.295416,90,0.000646831,0.133208,0.0483942,0.263261,68
417,0.7626262626262627,0.6497395833333333,0.3551401869158879,0.5739130434782609,0.17160394982652794,0.125,0.09090909090909094,0.790766,0.10313,0.190639,49,0.00741452,0.793023,0.0468884,0.368351,47
418,0.7626262626262627,0.6497395833333333,0.3551401869158879,0.5739130434782609,0.10408326661329059,0.125,0.09090909090909094,0.777305,0.0781668,0.116321,88,0.00372814,0.584255,0.0638622,0.171951,75
419,0.6616161616161615,0.61328125,0.4532710280373832,0.536231884057971,0.696690685882039,0.4625,0.16060606060606064,0.950301,0.186352,0.268145,16,0.00223603,0.740423,0.0378213,0.456152,4
420,0.7626262626262627,0.6497395833333333,0.3551401869158879,0.5739130434782609,0.1629303442754203,0.125,0.09090909090909094,0.786236,0.0799499,0.452725,52,0.00476881,0.569413,0.0682041,0.0364607,88
421,0.7626262626262627,0.6497395833333333,0.35046728971962615,0.5710144927536231,0.20509741126234315,0.125,0.09090909090909094,0.809467,0.104868,0.473801,71,0.00399592,0.700828,0.033196,0.414825,83
422,0.5606060606060606,0.6497395833333333,0.35046728971962615,0.5565217391304348,0.20563117160394984,0.125,0.09090909090909094,0.837544,0.0721195,0.0234768,57,0.00345311,0.368158,0.022252,0.00179156,54
423,0.7070707070707071,0.6223958333333333,0.485981308411215,0.5449275362318841,0.5728582866293035,0.39375000000000004,0.1454545454545455,0.930964,0.117112,0.00339051,93,0.00511575,0.297776,0.0578508,0.266694,97
424,0.7626262626262627,0.6510416666666667,0.3551401869158879,0.5797101449275363,0.10408326661329059,0.125,0.09090909090909094,0.747905,0.154635,0.0820048,66,0.00823859,0.844175,0.0968791,0.449369,66
425,0.7373737373737373,0.6393229166666667,0.4579439252336449,0.5507246376811594,0.44502268481451823,0.24375000000000002,0.09090909090909094,0.910799,0.179416,0.0982906,54,0.00637084,0.25353,0.0430368,0.233209,31
426,0.7626262626262627,0.6510416666666667,0.3551401869158879,0.5797101449275363,0.10408326661329059,0.125,0.09090909090909094,0.703904,0.155561,0.407111,70,0.00841641,0.519238,0.0700491,0.166797,57
427,0.7626262626262627,0.6497395833333333,0.3551401869158879,0.5739130434782609,0.15946090205497732,0.125,0.09090909090909094,0.77035,0.0482014,0.229899,28,0.00191541,0.755373,0.0284905,0.37432,37
428,0.6363636363636364,0.609375,0.4953271028037384,0.536231884057971,0.6631972244462236,0.54375,0.17575757575757578,0.959248,0.173627,0.169731,37,0.00027368,0.538349,0.0456416,0.273559,75
429,0.7626262626262627,0.6497395833333333,0.3551401869158879,0.5739130434782609,0.10408326661329059,0.125,0.09090909090909094,0.774944,0.108559,0.485018,7,0.00603034,0.0179402,0.0143538,0.082526,99
430,0.3484848484848485,0.32942708333333337,0.5093457943925234,0.44637681159420295,0.5871363757672805,0.25625,0.18787878787878787,0.890825,0.00323458,0.433899,27,0.0088571,0.335452,0.0960759,0.23727,95
431,0.45959595959595956,0.5390625,0.47663551401869164,0.5536231884057972,0.46650653856418467,0.125,0.09090909090909094,0.880423,0.0368625,0.0799924,61,0.00279672,0.247953,0.0980987,0.0238065,71
432,0.3787878787878788,0.6276041666666667,0.4299065420560748,0.5536231884057972,0.4821190285561783,0.24375000000000002,0.09090909090909094,0.882582,0.0307409,0.315622,16,0.000141531,0.561701,0.0402665,0.314104,7
433,0.29292929292929293,0.34244791666666663,0.4439252336448598,0.5159420289855072,0.621697357886309,0.3125,0.12727272727272732,0.907511,0.0169685,0.0629583,42,0.00245674,0.472522,0.0386999,0.0447646,96
434,0.5202020202020202,0.61328125,0.485981308411215,0.5130434782608695,0.6800106752068321,0.5125,0.18686868686868685,0.952527,0.117761,0.0551757,43,0.000249127,0.870855,0.0779652,0.357627,47
435,0.7626262626262627,0.6497395833333333,0.3551401869158879,0.5739130434782609,0.1629303442754203,0.125,0.09090909090909094,0.787814,0.0893149,0.187002,51,0.00656679,0.456051,0.0841465,0.149653,1
436,0.7626262626262627,0.6510416666666667,0.3551401869158879,0.5768115942028986,0.10408326661329059,0.125,0.09090909090909094,0.766279,0.0702591,0.479168,94,0.00758229,0.803224,0.0199311,0.0845332,72
437,0.7373737373737373,0.6393229166666667,0.49065420560747663,0.5565217391304348,0.448225246864158,0.21875,0.09090909090909094,0.899441,0.097195,0.171535,84,0.00105935,0.692512,0.0447586,0.231142,81
438,0.14646464646464652,0.18359375,0.4252336448598131,0.32173913043478264,0.3505471043501468,0.5875,0.1838383838383838,0.987348,0.0715749,0.0392104,24,0.00776546,0.907481,0.0611269,0.0393041,86
439,0.2727272727272727,0.27604166666666663,0.4672897196261683,0.49275362318840576,0.5947424606351748,0.6375,0.21919191919191916,0.980421,0.167887,0.432199,34,0.000386098,0.320175,0.0174003,0.411306,61
440,0.6767676767676767,0.6197916666666667,0.49065420560747663,0.5420289855072464,0.5744595676541233,0.48124999999999996,0.1393939393939394,0.930498,0.138918,0.352665,50,0.00781142,0.534314,0.0744682,0.356967,91
441,0.7626262626262627,0.6497395833333333,0.35046728971962615,0.5536231884057972,0.19642380571123563,0.125,0.09090909090909094,0.845366,0.105426,0.136034,19,0.00505239,0.32908,0.0519925,0.211367,46
442,0.25757575757575757,0.36328125,0.49065420560747663,0.518840579710145,0.5587136375767281,0.61875,0.18686868686868685,0.947503,0.0251419,0.211089,66,0.00820961,0.165606,0.0944635,0.0560911,45
443,0.03535353535353536,0.04817708333333337,0.2757009345794392,0.1333333333333333,0.17187082999733116,0.4375,0.08585858585858586,0.995563,0.0239498,0.307799,82,0.00229704,0.544454,0.0957945,0.469681,80
444,0.7626262626262627,0.6510416666666667,0.3551401869158879,0.5797101449275363,0.10408326661329059,0.125,0.09090909090909094,0.717604,0.021662,0.29327,53,0.00731345,0.650004,0.0251176,0.422415,89
445,0.26262626262626265,0.38802083333333337,0.48130841121495327,0.48405797101449277,0.5310915398985856,0.6125,0.21313131313131317,0.977745,0.107252,0.20801,1,0.00369083,0.392071,0.0478803,0.477294,44
446,0.7474747474747474,0.6497395833333333,0.3457943925233645,0.5565217391304348,0.21337069655724583,0.125,0.09090909090909094,0.863542,0.126788,0.260341,99,0.00495076,0.974366,0.013053,0.0437867,79
447,0.4292929292929293,0.44791666666666663,0.4953271028037384,0.5304347826086957,0.44141980250867363,0.21875,0.09090909090909094,0.888121,0.0278275,0.197169,97,0.00227401,0.386963,0.0534261,0.25026,72
448,0.7424242424242424,0.6484375,0.3551401869158879,0.5594202898550724,0.23191886842807574,0.125,0.09090909090909094,0.878906,0.146548,0.38188,43,0.00358358,0.712078,0.090784,0.00883345,23
449,0.7373737373737373,0.640625,0.4579439252336449,0.5507246376811594,0.26034160661862826,0.125,0.09090909090909094,0.889388,0.12565,0.171763,78,0.00644085,0.240845,0.0669297,0.475608,55
450,0.696969696969697,0.6380208333333333,0.4439252336448598,0.5536231884057972,0.42020282892981053,0.25625,0.09090909090909094,0.914238,0.163942,0.310329,45,0.00430333,0.602052,0.0447316,0.256598,95
451,0.7626262626262627,0.6497395833333333,0.3551401869158879,0.5739130434782609,0.10408326661329059,0.125,0.09090909090909094,0.789091,0.147281,0.493149,31,0.00891503,0.312293,0.0845997,0.327384,41
452,0.7626262626262627,0.6497395833333333,0.3551401869158879,0.5739130434782609,0.10408326661329059,0.125,0.09090909090909094,0.771616,0.171826,0.184869,82,0.00826017,0.251051,0.0490766,0.173669,53
453,0.7373737373737373,0.640625,0.3551401869158879,0.5536231884057972,0.30050707232452634,0.125,0.09090909090909094,0.892874,0.109326,0.0993825,20,0.00365026,0.35876,0.0899774,0.15295,13
454,0.45959595959595956,0.5221354166666667,0.4719626168224299,0.518840579710145,0.6515879370162797,0.42500000000000004,0.1333333333333333,0.936289,0.0531458,0.375511,14,0.0040627,0.697554,0.0164659,0.041041,75
455,0.7626262626262627,0.6510416666666667,0.3551401869158879,0.5739130434782609,0.10408326661329059,0.125,0.09090909090909094,0.773342,0.068602,0.319011,27,0.000915158,0.553486,0.0939803,0.409172,94
456,0.7626262626262627,0.6510416666666667,0.3551401869158879,0.5797101449275363,0.10408326661329059,0.125,0.09090909090909094,0.738305,0.150035,0.124936,42,0.00391853,0.651147,0.0598752,0.224672,72
457,0.7626262626262627,0.6497395833333333,0.3551401869158879,0.5710144927536231,0.10408326661329059,0.125,0.09090909090909094,0.800664,0.197963,0.0742243,22,0.00566733,0.180809,0.0870964,0.35917,6
458,0.7626262626262627,0.6497395833333333,0.3551401869158879,0.527536231884058,0.20696557245796632,0.125,0.09090909090909094,0.791204,0.0144999,0.0382209,8,0.00657641,0.760161,0.0761279,0.00259139,3
459,0.7626262626262627,0.6497395833333333,0.3551401869158879,0.5565217391304348,0.2068321323725647,0.125,0.09090909090909094,0.793798,0.0256572,0.490062,54,0.00989691,0.24155,0.0392038,0.110576,69
460,0.7626262626262627,0.6497395833333333,0.42056074766355145,0.4869565217391304,0.4056578596210302,0.125,0.09090909090909094,0.836077,0.0151953,0.419359,97,0.00849915,0.676282,0.0181402,0.122192,9
461,0.7626262626262627,0.6510416666666667,0.3551401869158879,0.5797101449275363,0.10408326661329059,0.125,0.09090909090909094,0.70275,0.1307,0.0483374,23,0.00571433,0.723721,0.0408068,0.0223659,51
462,0.06060606060606055,0.09244791666666663,0.33644859813084116,0.19710144927536233,0.24539631705364295,0.46875,0.1202020202020202,0.993956,0.0460925,0.163453,26,0.0092024,0.150768,0.0178859,0.440783,55
463,0.7626262626262627,0.6510416666666667,0.3551401869158879,0.5797101449275363,0.10408326661329059,0.125,0.09090909090909094,0.704639,0.130235,0.449764,11,0.000777857,0.839203,0.0810283,0.460013,11
464,0.7626262626262627,0.6497395833333333,0.35046728971962615,0.5681159420289855,0.20483053109153992,0.125,0.09090909090909094,0.82357,0.103647,0.013247,33,0.0016658,0.0393278,0.0398501,0.0603925,8
465,0.7626262626262627,0.6497395833333333,0.35046728971962615,0.5681159420289855,0.20496397117694154,0.125,0.09090909090909094,0.824377,0.15967,0.0400629,15,0.00264993,0.101327,0.0812765,0.490848,57
466,0.4747474747474747,0.5208333333333333,0.4719626168224299,0.5217391304347826,0.6654657058980518,0.375,0.09090909090909094,0.928391,0.058696,0.422123,89,0.00379641,0.941698,0.0340186,0.310079,94
467,0.29292929292929293,0.5546875,0.44859813084112155,0.49275362318840576,0.6331732052308514,0.6125,0.22929292929292933,0.970584,0.0940523,0.470824,74,0.000910109,0.854336,0.0505402,0.118559,47
468,0.202020202020202,0.31380208333333337,0.4392523364485982,0.48405797101449277,0.4057912997064318,0.625,0.26161616161616164,0.973645,0.0454045,0.250925,7,0.00794736,0.08501,0.0464021,0.0639529,64
469,0.7626262626262627,0.6497395833333333,0.3551401869158879,0.5710144927536231,0.2060314918601548,0.125,0.09090909090909094,0.80493,0.045052,0.146325,79,0.00745838,0.129627,0.0878387,0.40966,29
470,0.7626262626262627,0.6510416666666667,0.3551401869158879,0.5565217391304348,0.10408326661329059,0.125,0.09090909090909094,0.753128,0.0353983,0.269291,29,0.00849373,0.695152,0.0500418,0.197032,90
471,0.7121212121212122,0.6223958333333333,0.47663551401869164,0.536231884057971,0.4893247931678676,0.275,0.16666666666666663,0.920012,0.0883522,0.0209146,26,0.00957197,0.984999,0.097189,0.42901,44
472,0.7626262626262627,0.6510416666666667,0.3551401869158879,0.5797101449275363,0.10408326661329059,0.125,0.09090909090909094,0.734449,0.186747,0.4421,95,0.00728142,0.364343,0.0371323,0.0373395,62
473,0.7626262626262627,0.6497395833333333,0.36448598130841126,0.5536231884057972,0.2316519882572725,0.125,0.09090909090909094,0.850013,0.0904637,0.192297,39,0.00140655,0.743414,0.0581494,0.445931,56
474,0.7626262626262627,0.6510416666666667,0.3551401869158879,0.5739130434782609,0.10408326661329059,0.125,0.09090909090909094,0.764851,0.0952947,0.417768,84,0.00469913,0.6541,0.0179332,0.132593,19
475,0.7373737373737373,0.640625,0.3551401869158879,0.5536231884057972,0.2628769682412597,0.125,0.09090909090909094,0.887523,0.180949,0.354772,90,0.00236443,0.70479,0.0659394,0.206378,37
476,0.7626262626262627,0.6497395833333333,0.35046728971962615,0.5681159420289855,0.20483053109153992,0.125,0.09090909090909094,0.8366,0.194238,0.0500065,36,0.00791094,0.735731,0.014709,0.448026,81
477,0.7626262626262627,0.6497395833333333,0.3551401869158879,0.5710144927536231,0.20523085134774488,0.125,0.09090909090909094,0.806799,0.118142,0.139567,68,0.00863136,0.825297,0.0160528,0.390259,47
478,0.7575757575757576,0.6497395833333333,0.3598130841121495,0.5565217391304348,0.30264211369095273,0.125,0.09090909090909094,0.861145,0.0606612,0.077469,48,0.00380592,0.210457,0.0839323,0.0719927,96
479,0.7626262626262627,0.6510416666666667,0.3551401869158879,0.5797101449275363,0.10408326661329059,0.125,0.09090909090909094,0.732526,0.0205741,0.443632,71,0.00418477,0.772698,0.0922223,0.360588,65
480,0.5656565656565656,0.6497395833333333,0.4439252336448598,0.5536231884057972,0.3045102748865759,0.125,0.09090909090909094,0.859635,0.0457615,0.333383,72,0.00204586,0.350795,0.0632342,0.259372,42
481,0.7626262626262627,0.6497395833333333,0.35046728971962615,0.5710144927536231,0.2614091273018415,0.125,0.09090909090909094,0.80575,0.102753,0.364082,74,0.00101542,0.789579,0.0511553,0.0910551,78
482,0.48484848484848486,0.38932291666666663,0.4252336448598131,0.5217391304347826,0.48345342941019487,0.24375000000000002,0.13636363636363635,0.871843,0.0137712,0.317772,57,0.00104317,0.945335,0.0187855,0.207085,67
483,0.7626262626262627,0.6497395833333333,0.35046728971962615,0.5710144927536231,0.20563117160394984,0.125,0.09090909090909094,0.806044,0.107617,0.03401,13,0.00856511,0.366273,0.0377019,0.199659,87
484,0.7626262626262627,0.6497395833333333,0.3457943925233645,0.5565217391304348,0.3031758740325594,0.125,0.09090909090909094,0.830268,0.0409883,0.13391,7,0.00154643,0.799676,0.0225541,0.370523,83
485,0.7626262626262627,0.6497395833333333,0.3598130841121495,0.5536231884057972,0.1946890846010142,0.125,0.09090909090909094,0.842638,0.0625002,0.320647,14,0.00112545,0.158067,0.07981,0.132745,44
486,0.7626262626262627,0.6510416666666667,0.3551401869158879,0.5768115942028986,0.10408326661329059,0.125,0.09090909090909094,0.751859,0.0477758,0.36602,44,0.000952859,0.813299,0.0490094,0.057979,89
487,0.7272727272727273,0.6393229166666667,0.47663551401869164,0.5565217391304348,0.48345342941019487,0.24375000000000002,0.09090909090909094,0.900496,0.0908587,0.489944,23,0.000989419,0.824075,0.0829941,0.117642,24
488,0.7626262626262627,0.6510416666666667,0.3551401869158879,0.5565217391304348,0.10408326661329059,0.125,0.09090909090909094,0.767023,0.0420977,0.14947,83,0.00535768,0.621462,0.0621901,0.0408766,94
489,0.1767676767676768,0.21744791666666663,0.4252336448598131,0.4666666666666667,0.41032826261008803,0.63125,0.2535353535353535,0.975032,0.0284815,0.100668,8,0.0048396,0.465081,0.0818376,0.39584,59
490,0.7424242424242424,0.6497395833333333,0.3551401869158879,0.5536231884057972,0.21764077929009873,0.125,0.09090909090909094,0.868639,0.0795871,0.381047,99,0.00936115,0.918295,0.0475408,0.269521,87
491,0.7626262626262627,0.6497395833333333,0.35046728971962615,0.5681159420289855,0.2046970910061382,0.125,0.09090909090909094,0.820144,0.198655,0.423452,46,0.00130935,0.883306,0.0571158,0.210146,43
492,0.5808080808080809,0.6171875,0.49065420560747663,0.5449275362318841,0.6844141980250867,0.4625,0.1777777777777778,0.944509,0.0928169,0.233299,42,0.00586777,0.0275543,0.0514105,0.344725,90
493,0.7626262626262627,0.6497395833333333,0.3551401869158879,0.5739130434782609,0.10408326661329059,0.125,0.09090909090909094,0.784633,0.0967972,0.08436,33,0.00176509,0.281072,0.0450584,0.194846,100
494,0.6818181818181819,0.6223958333333333,0.48130841121495327,0.5420289855072464,0.6418468107819588,0.48124999999999996,0.1323232323232323,0.938031,0.118731,0.122819,99,0.00196562,0.767209,0.0640859,0.125503,51
495,0.7070707070707071,0.6223958333333333,0.44859813084112155,0.5478260869565217,0.5540432345876701,0.275,0.09090909090909094,0.921996,0.134286,0.0796228,78,0.00691697,0.635781,0.0724264,0.39641,99
496,0.7222222222222222,0.6393229166666667,0.4719626168224299,0.5536231884057972,0.5096076861489192,0.15625,0.09090909090909094,0.904869,0.141184,0.113251,8,0.000453919,0.263478,0.0477781,0.448955,63
497,0.4545454545454546,0.5625,0.49065420560747663,0.5246376811594202,0.6701361088871096,0.5625,0.15555555555555556,0.968184,0.172313,0.407475,30,0.0064039,0.196229,0.0177269,0.378321,73
498,0.7121212121212122,0.6223958333333333,0.47663551401869164,0.5507246376811594,0.46130237523352013,0.24375000000000002,0.09090909090909094,0.92473,0.199651,0.0332968,6,0.00633315,0.924618,0.0815764,0.384423,73
499,0.05555555555555558,0.10026041666666663,0.3551401869158879,0.22898550724637678,0.2635441686682679,0.48750000000000004,0.13030303030303025,0.994409,0.18318,0.00481359,25,0.00844746,0.893222,0.0758474,0.434036,72
