max_value,0.8266613290632506
clusters_found,10
index_set,369
mean_value,0.5605906058179877

experiment,pendigits_CE,a_t,lp,dsbeta,age_wins,e_b,e_n,epsilon_ds,minwd,epochs,push_rate,supervision_rate
0,0.29143314651721375,0.817366,0.077525,0.394218,72,0.00238486,0.846441,0.0698054,0.342784,90,11.219,0.273348
1,0.20362957032292506,0.857308,0.0971848,0.268939,18,0.00552621,0.192166,0.0393586,0.186946,12,7.43703,0.306393
2,0.20149452895649855,0.870176,0.0753202,0.42586,69,0.00538778,0.497645,0.0597321,0.184021,20,7.48379,0.114158
3,0.6760074726447824,0.810668,0.0121908,0.377074,40,0.00527797,0.139171,0.0371052,0.183621,60,10.5239,0.190283
4,0.7244462236455831,0.805464,0.0589954,0.404538,93,0.00480624,0.13626,0.0572554,0.222613,25,12.457,0.338608
5,0.6654657058980518,0.874666,0.0359259,0.467386,81,0.0048903,0.0406229,0.0522874,0.160598,34,8.71463,0.267916
6,0.6836135575126768,0.824714,0.0430359,0.0791543,12,0.00141974,0.677285,0.0995538,0.407781,49,7.54034,0.122316
7,0.10408326661329059,0.875666,0.0745823,0.470747,43,0.00772795,0.277976,0.0230611,0.330208,37,11.4121,0.111175
8,0.6067520683213237,0.818356,0.0143552,0.226548,32,0.00610618,0.144114,0.047495,0.129396,28,5.37961,0.187877
9,0.5080064051240993,0.819785,0.0831904,0.391086,3,0.00945134,0.588746,0.0779222,0.373398,2,5.94699,0.124574
10,0.8098478783026422,0.826404,0.0485568,0.0255704,11,0.00513995,0.391422,0.0876647,0.434871,32,3.48198,0.336787
11,0.3988524152655458,0.843669,0.0954206,0.0532238,16,0.000121243,0.899536,0.0331886,0.324834,32,3.06643,0.243797
12,0.7119028556178275,0.819668,0.0390403,0.476182,32,0.00326903,0.356492,0.0759638,0.406444,70,5.54041,0.281602
13,0.6917534027221777,0.834516,0.0352427,0.0542942,90,0.0035857,0.435346,0.0429934,0.363022,92,9.18894,0.246796
14,0.39204697091006135,0.827344,0.0910082,0.221232,79,0.00263424,0.152001,0.0892917,0.0204162,5,12.3859,0.163773
15,0.617827595409661,0.832992,0.0706732,0.197461,28,0.00764428,0.0893864,0.0874537,0.192433,15,7.13639,0.284667
16,0.5591139578329329,0.831478,0.0724587,0.274572,71,0.00412076,0.477753,0.0150999,0.0789085,83,8.97441,0.352365
17,0.770483053109154,0.821533,0.0600827,0.13383,5,0.00368002,0.52901,0.0415824,0.331227,8,5.27232,0.322934
18,0.5360288230584467,0.845437,0.0722117,0.384637,35,0.000678456,0.341554,0.0742086,0.105854,86,12.065,0.140265
19,0.5346944222044302,0.854033,0.0113257,0.195189,93,0.00937849,0.98166,0.0266338,0.461962,25,4.26335,0.0127059
20,0.6849479583666933,0.870417,0.0483475,0.232309,7,0.00286386,0.835872,0.0433949,0.180224,62,7.30346,0.049441
21,0.7018948492127035,0.850619,0.0428709,0.065482,37,0.00573575,0.166513,0.0929701,0.481103,90,5.75086,0.195404
22,0.6199626367760875,0.867702,0.0456237,0.127961,50,0.00386523,0.589664,0.0333611,0.383175,77,14.9837,0.0500106
23,0.6390445689885241,0.812599,0.0177274,0.477555,39,0.00411442,0.934016,0.0334237,0.453068,18,9.23664,0.327755
24,0.6210301574593008,0.846667,0.0141932,0.0869713,39,0.000511863,0.247738,0.0975611,0.38145,86,12.0938,0.233563
25,0.2061649319455564,0.81468,0.0950084,0.283318,55,0.000356317,0.236753,0.0100752,0.414845,12,12.7707,0.0222643
26,0.7188417400587137,0.827065,0.0471509,0.254962,1,0.00454967,0.875619,0.0349398,0.433639,84,7.90236,0.160967
27,0.3638911128903123,0.862284,0.0715308,0.324296,42,0.00907115,0.893343,0.0283395,0.164945,21,9.38698,0.374416
28,0.7323191886842808,0.811921,0.0262143,0.0840291,25,0.00889739,0.774162,0.0294239,0.486665,93,3.56722,0.35388
29,0.6462503336002134,0.831597,0.0420837,0.185115,22,0.00858312,0.437774,0.0259908,0.32578,29,12.1131,0.0704514
30,0.5463037096343741,0.824121,0.074977,0.313741,91,0.00230343,0.856315,0.0383769,0.302646,45,13.0303,0.333116
31,0.20643181211635975,0.828711,0.0902076,0.457046,92,0.00176472,0.633998,0.0859442,0.339225,84,5.73211,0.235303
32,0.7692820923405391,0.800516,0.0397376,0.43715,6,0.00440204,0.617157,0.0539174,0.49929,40,4.99866,0.348774
33,0.6969575660528422,0.815104,0.0516646,0.246391,62,0.00727586,0.385838,0.0851856,0.473124,63,5.97874,0.0659976
34,0.3921804109954631,0.838622,0.0918233,0.342029,36,0.00662697,0.75691,0.0269604,0.0421987,46,3.6201,0.0403101
35,0.4907926341072858,0.815756,0.0855886,0.348106,33,0.0087653,0.736561,0.0978122,0.240764,62,13.8539,0.291735
36,0.5014678409394182,0.810418,0.0756587,0.216206,44,0.00250115,0.417508,0.0404743,0.154989,93,11.3038,0.0115172
37,0.6886842807579396,0.861209,0.0387021,0.409552,46,0.00776553,0.457324,0.016161,0.420801,90,5.82788,0.142553
38,0.6164931945556444,0.804609,0.0617017,0.321582,72,0.00665908,0.984237,0.0258235,0.0826332,95,10.5002,0.381598
39,0.39831865492393914,0.827016,0.0785005,0.42286,72,0.0080292,0.541776,0.0747546,0.271443,26,13.3809,0.107886
40,0.6251668001067521,0.878341,0.0232144,0.307953,46,0.000754674,0.99337,0.0896962,0.304267,31,8.41367,0.245346
41,0.2954363490792634,0.83581,0.0965647,0.335989,79,0.00212964,0.416542,0.0971434,0.0229344,31,10.7539,0.322399
42,0.4426207632772885,0.86649,0.0743003,0.46139,84,0.000543612,0.450808,0.0948588,0.10797,53,6.33183,0.321204
43,0.6990926074192687,0.8219,0.0490175,0.287093,74,0.0010042,0.390909,0.0672736,0.217289,95,10.5796,0.135422
44,0.6941553242594075,0.866376,0.0357405,0.375079,70,0.00520782,0.803148,0.0438718,0.353653,24,5.35017,0.179544
45,0.5298905791299706,0.816999,0.0660031,0.200841,65,0.00601548,0.568705,0.0848,0.115923,55,14.8753,0.100398
46,0.6948225246864158,0.850974,0.0220543,0.458468,96,0.00784628,0.44865,0.0557326,0.384232,15,14.133,0.382842
47,0.5756605284227382,0.820869,0.0920246,0.165336,3,0.00871591,0.316384,0.0464155,0.413807,98,10.589,0.136953
48,0.7271150253536163,0.835052,0.0289773,0.311799,66,0.00906456,0.130076,0.0302989,0.411851,59,5.77271,0.382676
49,0.5939418201227649,0.818814,0.0100783,0.350648,35,0.00806536,0.0735189,0.0320626,0.465819,92,11.3868,0.0247231
50,0.5611155591139578,0.869115,0.068002,0.332286,37,0.00815536,0.303402,0.0589652,0.377709,28,4.19482,0.29381
51,0.7259140645850013,0.801656,0.0619629,0.0628659,68,0.000116175,0.878364,0.0585297,0.112152,24,9.42104,0.0550565
52,0.5564451561249,0.863507,0.0243748,0.392636,66,0.00408985,0.853259,0.0169879,0.449102,82,13.4963,0.30046
53,0.3801708033093141,0.857505,0.0978442,0.431067,4,0.00242095,0.816967,0.0774109,0.268998,95,3.16886,0.315733
54,0.5581798772351214,0.807799,0.0654745,0.489221,99,0.00576104,0.108324,0.0768561,0.0700176,36,14.7708,0.338377
55,0.5568454763811048,0.83236,0.0280309,0.452062,98,0.00624699,0.151661,0.0239407,0.0324155,69,10.7927,0.145143
56,0.39618361355751264,0.867537,0.0931681,0.227624,5,0.00500713,0.98927,0.0493086,0.191089,13,9.35866,0.208677
57,0.2946357085668535,0.856997,0.0961209,0.260723,23,0.00948367,0.702535,0.0960298,0.453583,22,8.14308,0.114555
58,0.36162263143848417,0.816281,0.0814366,0.287924,44,0.00543812,0.938686,0.0106258,0.467874,84,5.55829,0.123315
59,0.5416333066453163,0.874859,0.024492,0.281696,55,0.00400477,0.7772,0.0629345,0.0213101,94,14.5795,0.166066
60,0.6965572457966374,0.806227,0.0419605,0.40736,2,0.00109443,0.17895,0.0268701,0.290668,43,5.48877,0.152492
61,0.6094208700293569,0.834568,0.0579573,0.115593,36,0.00695125,0.804762,0.0190469,0.284015,33,14.3052,0.0632284
62,0.3808380037363224,0.806398,0.0945209,0.242065,48,0.00503027,0.029082,0.0499857,0.469595,79,5.90553,0.355554
63,0.691619962636776,0.817682,0.0647251,0.349992,67,0.00293587,0.699277,0.0628137,0.292011,73,6.70629,0.105984
64,0.20576461168935145,0.844105,0.0916956,0.315929,87,0.00444542,0.234352,0.0455429,0.260747,85,5.8855,0.0930089
65,0.3893781692020283,0.85831,0.0872176,0.0967615,75,0.0019068,0.214519,0.0604816,0.47626,7,14.3621,0.358804
66,0.8045102748865759,0.827465,0.0514909,0.208906,7,0.00183254,0.455848,0.0610041,0.484586,38,3.74965,0.345886
67,0.6262343207899653,0.848736,0.0690157,0.484455,5,0.00606971,0.561917,0.0684055,0.0103937,79,12.8857,0.345212
68,0.7123031758740326,0.840955,0.0299307,0.445972,25,0.00845439,0.576154,0.0704099,0.402859,1,5.80065,0.118475
69,0.2939685081398452,0.833321,0.0936466,0.474135,64,0.00730632,0.0956786,0.0696339,0.0953465,34,11.9074,0.329527
70,0.6132906325060048,0.868413,0.0492395,0.412988,95,0.00427509,0.995142,0.0450484,0.00632606,95,4.21237,0.0728636
71,0.6094208700293569,0.839643,0.0109861,0.267152,60,0.00591904,0.573205,0.0220251,0.219802,41,10.0277,0.310625
72,0.2951694689084601,0.860803,0.0903145,0.0390126,45,0.00145615,0.762324,0.0178081,0.0817403,54,7.97449,0.257903
73,0.6334400854016546,0.855717,0.0256539,0.00480222,12,0.00704686,0.482517,0.0406993,0.224012,51,13.5718,0.333995
74,0.6918868428075794,0.853809,0.0197824,0.495537,13,0.00598465,0.85946,0.0307866,0.0472878,37,4.50241,0.397177
75,0.7204430210835335,0.84829,0.0307789,0.205661,18,0.00399618,0.580456,0.0917534,0.371854,68,3.68326,0.3855
76,0.6522551374432879,0.86513,0.0127754,0.0990211,46,0.00333283,0.929811,0.0167687,0.0610173,94,13.4824,0.386555
77,0.6167600747264479,0.810075,0.069094,0.0329303,8,0.00128541,0.343734,0.0662438,0.276721,42,5.14563,0.0365423
78,0.2946357085668535,0.811658,0.0998085,0.317876,49,0.0028441,0.788223,0.0418846,0.0639255,67,5.17079,0.139894
79,0.3803042433947158,0.82338,0.0807088,0.346939,98,0.000823062,0.961611,0.015449,0.209611,56,3.54104,0.36995
80,0.6218307979717107,0.837522,0.0119652,0.00703887,56,0.00225483,0.943183,0.0787839,0.24605,34,11.9449,0.0482922
81,0.6506538564184681,0.850734,0.0700505,0.162246,10,0.000288684,0.977086,0.0797148,0.0604617,83,4.93531,0.36884
82,0.8014411529223379,0.810925,0.0454003,0.357667,68,0.00374404,0.849691,0.0754938,0.054202,68,9.8025,0.375434
83,0.7336535895382973,0.822307,0.0537304,0.218775,25,0.00505595,0.80761,0.0850586,0.199903,18,10.5488,0.0741947
84,0.6055511075527089,0.830084,0.0683196,0.100316,55,0.00241213,0.168968,0.0586045,0.0235313,79,8.59933,0.29061
85,0.10408326661329059,0.865902,0.0884266,0.0647554,68,0.00107359,0.679799,0.0539646,0.285357,90,9.63473,0.317963
86,0.7639444889244729,0.844779,0.0614266,0.175551,24,0.00981244,0.844518,0.0888482,0.0503937,72,6.65678,0.139328
87,0.5561782759540966,0.818951,0.0622785,0.261935,78,0.00156598,0.798587,0.0862161,0.0555939,80,13.3134,0.113466
88,0.3759007205764612,0.844548,0.0847571,0.0233892,77,0.00757448,0.406564,0.0506541,0.243263,99,13.1932,0.373916
89,0.7089671737389912,0.851394,0.04443,0.00998372,53,0.00555079,0.789381,0.0304447,0.436545,56,7.80603,0.204643
90,0.6865492393915131,0.814503,0.0182467,0.00888276,37,0.00856245,0.594368,0.0520027,0.0805698,75,12.9376,0.217621
91,0.6247664798505471,0.847036,0.0310411,0.452796,20,0.00589392,0.462789,0.0564935,0.458128,46,14.1651,0.143536
92,0.7014945289564986,0.800934,0.0792485,0.441865,75,0.00277741,0.609706,0.0664118,0.236156,75,7.21063,0.210888
93,0.4697091006138244,0.830818,0.0612461,0.230677,70,0.00396998,0.886229,0.0792262,0.00338684,55,14.28,0.178189
94,0.39124633039765144,0.854166,0.0717835,0.0317195,70,0.00739176,0.997073,0.0954843,0.265788,22,6.49144,0.189741
95,0.526688017080331,0.841327,0.0717321,0.269921,63,0.0056909,0.710903,0.0255579,0.419816,61,8.52005,0.0192722
96,0.6996263677608754,0.801262,0.0495628,0.0586937,47,0.00451352,0.964156,0.0425979,0.164517,70,13.6917,0.141252
97,0.20496397117694154,0.869924,0.0994943,0.446534,8,0.00781444,0.491443,0.0594544,0.252765,45,7.59875,0.0854244
98,0.5631171603949827,0.877119,0.0110848,0.256622,82,0.0020906,0.306515,0.0595497,0.0317385,15,6.61027,0.193743
99,0.5524419535628503,0.839508,0.0569657,0.211769,57,0.00309659,0.571731,0.0878332,0.477978,75,4.30673,0.026609
100,0.3780357619428877,0.826797,0.0938661,0.423585,29,0.00532139,0.781822,0.0315148,0.278619,8,14.3784,0.389406
101,0.5541766746730719,0.866177,0.0190157,0.177897,77,0.00472462,0.198682,0.0807579,0.387587,3,12.9013,0.202827
102,0.5076060848678943,0.813724,0.0696967,0.395758,99,0.00724405,0.972829,0.0515942,0.217677,100,10.1594,0.0121263
103,0.20416333066453163,0.873118,0.0848868,0.258804,57,0.00392688,0.0111652,0.0730076,0.287476,100,7.88642,0.0668997
104,0.43795036028823053,0.843862,0.0705945,0.0438679,58,0.00984412,0.621398,0.0175482,0.132352,71,11.5739,0.0816528
105,0.6198291966906859,0.841792,0.0379469,0.391614,6,0.00355835,0.843903,0.0210924,0.0521004,41,11.241,0.0901303
106,0.6016813450760609,0.801816,0.0216103,0.381679,59,0.00619154,0.963595,0.0657011,0.171604,70,12.0395,0.0416291
107,0.684280757939685,0.830305,0.0436607,0.48209,86,0.000450247,0.55906,0.0294723,0.333473,65,10.1903,0.132527
108,0.5314918601547904,0.811779,0.0805388,0.35321,6,0.00581986,0.0527175,0.0987185,0.299872,65,11.5506,0.0989924
109,0.2995729917267147,0.826191,0.0913663,0.212729,90,0.00732171,0.765645,0.0826878,0.0766361,40,12.3554,0.0363838
110,0.2061649319455564,0.840712,0.0963469,0.339329,85,0.00200518,0.527461,0.0124587,0.455359,25,10.2226,0.106851
111,0.669602348545503,0.878759,0.0328999,0.030204,92,0.00637132,0.966527,0.020837,0.454649,81,8.74967,0.165043
112,0.38270616493194554,0.86144,0.06375,0.290407,65,0.00683214,0.747633,0.0639222,0.463305,24,9.52646,0.282609
113,0.7583400053376035,0.866873,0.0459182,0.209792,56,0.00642839,0.0322443,0.0902855,0.242462,72,14.7262,0.388515
114,0.7030958099813184,0.825502,0.0598905,0.0497304,99,0.00123093,0.158848,0.0653767,0.178005,11,13.9431,0.0914604
115,0.647985054710435,0.805604,0.0345306,0.30575,100,0.00747421,0.199708,0.0238485,0.35442,23,4.6254,0.183091
116,0.7143047771550574,0.85368,0.0354512,0.455563,26,0.00467019,0.8662,0.0478694,0.427919,63,9.76183,0.312312
117,0.644515612489992,0.85463,0.0225589,0.103161,4,0.00930535,0.646042,0.0555226,0.149695,56,6.21626,0.089511
118,0.6422471310381639,0.820691,0.0222396,0.468543,80,0.00376808,0.388775,0.0297898,0.363988,63,11.3449,0.217168
119,0.38697624766479854,0.820969,0.0904797,0.492528,81,0.00246994,0.0966715,0.0710743,0.190176,21,8.12223,0.28897
120,0.6398452095009342,0.82833,0.0153403,0.294913,61,0.00522218,0.45484,0.0600237,0.471134,91,8.78151,0.320365
121,0.6674673071790767,0.821131,0.0377391,0.0931574,97,0.00167852,0.775527,0.024278,0.474998,7,9.46161,0.0618143
122,0.2930344275420337,0.814252,0.0949032,0.449232,82,0.00619931,0.0303784,0.0989962,0.154111,88,3.02917,0.347999
123,0.3923138510808647,0.823703,0.0912053,0.243407,13,0.00603074,0.851462,0.0970545,0.228305,68,10.6751,0.145872
124,0.7229783827061649,0.836371,0.0246155,0.193445,69,0.00138095,0.670835,0.0873088,0.00407141,73,8.85882,0.0651521
125,0.6127568721643981,0.827798,0.0313007,0.27707,54,0.00383007,0.581148,0.0176358,0.314689,91,5.02053,0.153551
126,0.6226314384841206,0.848377,0.0652384,0.405791,18,0.00950392,0.585425,0.0867279,0.156619,32,5.32231,0.295123
127,0.5551107552708834,0.83283,0.0908496,0.0800298,2,0.00679688,0.641953,0.0344159,0.247613,46,7.71496,0.0879528
128,0.4843875100080064,0.878588,0.0687068,0.230313,93,0.00922522,0.111898,0.0573941,0.460043,40,4.00291,0.207828
129,0.4766479850547104,0.845994,0.0796383,0.182579,61,0.00953071,0.69029,0.0497663,0.346525,52,4.09843,0.394617
130,0.7497998398718975,0.854883,0.0513894,0.0927066,53,0.00779064,0.115129,0.0261614,0.22862,96,7.57563,0.296679
131,0.5767280491059514,0.829581,0.0633402,0.16089,28,0.00491837,0.657549,0.0608282,0.255968,18,10.2341,0.199102
132,0.6126234320789965,0.833543,0.0503724,0.0278614,40,0.00071896,0.231342,0.0130274,0.244895,68,12.9327,0.213706
133,0.2061649319455564,0.842169,0.0896573,0.356367,53,0.00524968,0.194273,0.0458637,0.338216,27,11.9677,0.0433774
134,0.740725914064585,0.823613,0.049649,0.306724,61,0.00660352,0.262686,0.0363297,0.117248,80,12.5065,0.354817
135,0.4682412596744062,0.858944,0.0892488,0.221829,19,0.00456724,0.439824,0.0203915,0.272236,22,4.97781,0.263977
136,0.24846543901788098,0.865453,0.0981753,0.257956,1,0.00657228,0.819497,0.0132674,0.344523,42,5.29845,0.34151
137,0.7551374432879637,0.84863,0.0424607,0.199375,96,0.00312528,0.952374,0.0706898,0.487842,52,6.26384,0.212921
138,0.7471310381638645,0.871286,0.0373952,0.206619,62,0.00595491,0.146671,0.0963509,0.0354869,11,14.0904,0.30125
139,0.2926341072858286,0.843249,0.0801406,0.0681297,100,0.00989969,0.839298,0.0285796,0.161915,82,14.0878,0.346515
140,0.20496397117694154,0.856694,0.0998269,0.29695,86,0.00101563,0.739065,0.0549179,0.368851,16,7.40028,0.132035
141,0.2930344275420337,0.835232,0.0993925,0.420171,49,0.00804517,0.328952,0.0436966,0.44126,13,9.70514,0.100708
142,0.3971176941553243,0.842597,0.0830734,0.0203072,92,0.00654007,0.811803,0.0541602,0.480435,65,8.3046,0.13059
143,0.618628235922071,0.839924,0.0663838,0.105186,18,0.00495692,0.507284,0.0863221,0.336639,69,10.9817,0.305428
144,0.6705364291433147,0.812791,0.0273082,0.155455,79,0.00476931,0.483071,0.0111477,0.204373,58,5.69618,0.30328
145,0.5926074192687483,0.849745,0.0462436,0.378337,91,0.00608418,0.0663497,0.086601,0.0941223,48,6.37961,0.174411
146,0.592340539097945,0.812941,0.0703242,0.283856,29,0.0096921,0.825845,0.0821471,0.20487,53,9.04879,0.033143
147,0.6650653856418468,0.85625,0.0541272,0.469276,81,0.00689532,0.3636,0.0514072,0.492583,10,13.2027,0.222466
148,0.7117694155324259,0.826582,0.0406162,0.147058,95,0.00549622,0.190073,0.0457739,0.215363,78,7.85528,0.270444
149,0.5942087002935682,0.811514,0.031639,0.0772074,37,0.00195131,0.269176,0.0135726,0.431184,89,5.1876,0.0779234
150,0.6635975447024286,0.805777,0.0304547,0.463539,63,0.00693285,0.442056,0.0884343,0.208453,61,6.89753,0.0158356
151,0.5884707766212971,0.835499,0.0510328,0.0698563,58,0.000891968,0.495824,0.0721961,0.0166598,70,4.03519,0.197359
152,0.6798772351214305,0.841636,0.0481009,0.204653,34,0.00404634,0.758945,0.0726732,0.409512,33,9.09838,0.0966677
153,0.7500667200427008,0.832256,0.0417767,0.416971,47,0.00349448,0.753479,0.0118203,0.239864,50,8.34433,0.347706
154,0.7068321323725647,0.82393,0.04343,0.113832,10,0.00442216,0.362628,0.022533,0.289723,41,14.9445,0.236305
155,0.5800640512409928,0.857266,0.0117866,0.271306,74,0.00582435,0.4608,0.0613808,0.112824,30,11.798,0.198758
156,0.7357886309047238,0.822925,0.0165692,0.110385,74,0.00470591,0.371458,0.0829854,0.415284,42,10.8163,0.39034
157,0.46997598078462766,0.816475,0.0737002,0.11903,50,0.00163021,0.249949,0.0577828,0.31898,47,13.7307,0.0859268
158,0.6258340005337604,0.868943,0.015525,0.0700238,68,0.00300313,0.27363,0.0631317,0.232884,96,13.3457,0.2794
159,0.7460635174806511,0.838912,0.0473423,0.308401,11,0.00403399,0.926218,0.0440517,0.378317,17,6.94426,0.126896
160,0.6738724312783559,0.834847,0.0552556,0.17711,82,0.00364127,0.228292,0.0733579,0.0398075,1,13.6332,0.070871
161,0.6126234320789965,0.814016,0.0297224,0.0146355,27,0.00768276,0.810261,0.0545686,0.0303677,4,14.6981,0.186204
162,0.4865225513744329,0.847076,0.0750082,0.338265,69,0.000267907,0.615234,0.0695642,0.493802,37,4.34235,0.108656
163,0.46930878035761947,0.8465,0.0710192,0.292861,94,0.00304169,0.873773,0.0373267,0.0864641,16,11.7642,0.234296
164,0.2824926607953029,0.865419,0.0820749,0.299421,50,0.00335657,0.778818,0.0658037,0.115519,89,4.67984,0.376607
165,0.29997331198291965,0.849369,0.0895075,0.496503,34,0.00967715,0.608616,0.0720422,0.134747,86,6.28348,0.25508
166,0.696290365625834,0.827631,0.0173606,0.372467,71,0.00717188,0.30962,0.0685678,0.0497543,54,7.03235,0.371146
167,0.7192420603149186,0.852253,0.0295016,0.0714704,88,0.00687271,0.325391,0.0425443,0.110033,36,14.0109,0.324112
168,0.20362957032292506,0.87406,0.0966692,0.0158112,96,0.00995243,0.569401,0.045316,0.41687,42,11.8281,0.062887
169,0.6196957566052843,0.816564,0.0640627,0.436432,31,0.00352085,0.286395,0.0656173,0.396112,38,14.2454,0.281248
170,0.48532159060581803,0.871759,0.0624887,0.39922,87,0.000380708,0.472391,0.0778528,0.39249,14,13.1602,0.275306
171,0.7492660795302909,0.852873,0.0403978,0.366537,84,0.00798234,0.991892,0.0187095,0.297858,14,3.81869,0.357353
172,0.6016813450760609,0.824588,0.0639102,0.366206,22,0.00825827,0.106883,0.0733769,0.343962,25,4.24351,0.202207
173,0.6369095276220977,0.837708,0.0147053,0.447342,80,0.00222589,0.957897,0.0950739,0.375811,30,4.52472,0.286159
174,0.600880704563651,0.868729,0.0152116,0.333051,43,0.00987509,0.0811198,0.051794,0.0664841,51,9.12255,0.270665
175,0.6071523885775287,0.833222,0.0766422,0.375541,8,0.00343696,0.383317,0.038878,0.399048,50,12.2506,0.368431
176,0.6724045903389377,0.804424,0.0570439,0.163567,1,0.0065776,0.332837,0.0827811,0.412718,4,8.02256,0.0673294
177,0.20709901254336804,0.83006,0.0973754,0.460027,65,0.00958066,0.0687784,0.0942175,0.206853,72,11.5368,0.0772606
178,0.3888444088604217,0.808387,0.0931194,0.349087,83,0.0071148,0.241536,0.0324194,0.106975,46,10.6382,0.206913
179,0.6425140112089671,0.865062,0.0268567,0.462783,33,0.00886751,0.185846,0.0913173,0.12183,31,9.27933,0.216251
180,0.7445956765412329,0.844894,0.0446697,0.239298,71,0.00114424,0.999921,0.0635782,0.0594502,5,6.76056,0.0184252
181,0.7253803042433947,0.8167,0.0438453,0.317088,34,0.00436414,0.254272,0.0767235,0.445252,26,6.43579,0.204133
182,0.4679743795036029,0.875422,0.0742496,0.167941,26,0.00708343,0.266209,0.0660588,0.193617,86,6.16862,0.0392478
183,0.5455030691219642,0.861037,0.0549581,0.289247,74,0.00121722,0.330936,0.0961761,0.385299,65,13.0977,0.0716241
184,0.6684013877768882,0.851253,0.0349605,0.124413,65,0.00473708,0.299394,0.0291476,0.209151,91,12.543,0.157726
185,0.6350413664264745,0.838797,0.0333895,0.464087,66,0.00344794,0.836533,0.0234787,0.319988,4,5.44486,0.379004
186,0.6657325860688551,0.840383,0.0175098,0.11873,51,0.00745131,0.918018,0.0336671,0.0452618,45,5.58799,0.187694
187,0.38791032826261007,0.812192,0.0827974,0.141625,41,0.00617138,0.42531,0.0153054,0.447584,39,5.67221,0.127295
188,0.5543101147584735,0.876301,0.0557744,0.435915,82,0.00900637,0.539477,0.0570407,0.181476,47,6.91859,0.387524
189,0.6273018414731786,0.814978,0.0737335,0.373807,84,0.00719104,0.309261,0.0837484,0.422511,28,7.50159,0.321535
190,0.670002668801708,0.877467,0.0301336,0.434877,4,0.00301907,0.0781301,0.018382,0.13377,60,8.94762,0.225321
191,0.6313050440352281,0.808744,0.0712344,0.0568362,38,0.00935422,0.355258,0.0888033,0.48544,82,6.63682,0.391629
192,0.5348278622898319,0.82329,0.0661691,0.0528232,78,0.00511347,0.25171,0.0980229,0.265338,32,8.51612,0.146534
193,0.6937550040032026,0.847761,0.025241,0.0590923,8,0.00261128,0.636349,0.0838798,0.0433884,65,3.9042,0.372548
194,0.7108353349346144,0.805323,0.0450446,0.263907,61,0.00273761,0.103358,0.0401786,0.0777235,8,7.70181,0.241225
195,0.6613290632506005,0.836758,0.0337898,0.170397,33,0.00518512,0.143524,0.0670326,0.280366,85,3.4311,0.130089
196,0.5982119028556179,0.825404,0.0107316,0.0442103,20,0.00919333,0.888733,0.0252477,0.270198,52,13.9827,0.161799
197,0.5936749399519616,0.855223,0.064904,0.453343,30,0.00874207,0.526562,0.0899318,0.211983,2,4.86848,0.102802
198,0.4901254336802775,0.860366,0.0874998,0.0829509,38,0.00838908,0.217858,0.0392066,0.189141,87,12.2162,0.2788
199,0.7025620496397118,0.863537,0.0564364,0.337315,44,0.00918437,0.499647,0.0637081,0.497157,59,11.0904,0.191944
200,0.392981051507873,0.808189,0.086955,0.396346,16,0.00880673,0.348505,0.058917,0.0380815,28,14.4179,0.104547
201,0.5987456631972244,0.852988,0.0250554,0.267611,4,0.00161207,0.770093,0.0140717,0.370934,14,4.14524,0.167443
202,0.6706698692287163,0.839156,0.0362747,0.216812,89,0.00735726,0.00685386,0.0249931,0.31365,100,7.19976,0.156929
203,0.7506004803843074,0.803156,0.0543512,0.27613,17,0.00726399,0.294851,0.0444899,0.195676,3,4.3655,0.399024
204,0.6654657058980518,0.862503,0.0598299,0.223003,54,0.00567228,0.73089,0.0189494,0.25968,1,7.84166,0.297172
205,0.46784093941820126,0.876629,0.0764596,0.363882,95,0.000434815,0.0142474,0.0946788,0.294622,55,10.9518,0.0591798
206,0.48985855350947427,0.821671,0.0866423,0.102626,21,0.000930819,0.0619285,0.0645931,0.483403,56,6.06904,0.371106
207,0.4491593274619696,0.803863,0.0740666,0.372013,87,0.00842935,0.299552,0.0835876,0.475501,23,5.84674,0.239197
208,0.5669869228716307,0.878126,0.0116182,0.328647,64,0.000941293,0.709127,0.0894681,0.322576,35,6.09976,0.0736519
209,0.6108887109687751,0.844229,0.0401441,0.0282062,24,0.002718,0.944681,0.0534555,0.386411,29,10.07,0.19672
210,0.6043501467840939,0.879918,0.0322224,0.338552,22,0.00742114,0.614517,0.0758154,0.0244535,76,7.09611,0.0508612
211,0.6378436082199093,0.846279,0.0415567,0.38313,96,0.00227547,0.00537011,0.0263878,0.205798,54,11.0801,0.120555
212,0.20523085134774488,0.858013,0.0816408,0.174296,26,0.00532879,0.231633,0.0182526,0.0560643,11,13.4094,0.0203231
213,0.6704029890579131,0.875735,0.0282203,0.0885301,27,0.000193965,0.333414,0.0321886,0.127682,64,11.3086,0.194299
214,0.10408326661329059,0.875306,0.0876526,0.47913,36,0.00850816,0.515838,0.0477683,0.479253,79,3.65426,0.0530958
215,0.7005604483586869,0.877945,0.041242,0.0375797,80,0.00628138,0.0190481,0.0253193,0.014043,23,11.184,0.251418
216,0.7308513477448626,0.800698,0.0499297,0.0210587,30,0.000663185,0.0509273,0.0138535,0.30059,60,4.798,0.168934
217,0.3829730451027489,0.83975,0.0845303,0.385352,85,0.0062333,0.14048,0.0377353,0.347817,34,6.81804,0.31708
218,0.5608486789431546,0.864547,0.071169,0.0817053,83,0.0015448,0.624182,0.0605827,0.316668,9,12.3826,0.249023
219,0.6904190018681612,0.806603,0.0423943,0.457463,63,0.00800046,0.27193,0.0543093,0.274186,17,3.95161,0.168203
220,0.673071790765946,0.84057,0.0228461,0.274193,34,0.00116184,0.180436,0.0310734,0.145508,88,13.0523,0.247319
221,0.46850813984520945,0.862689,0.0631272,0.0973277,60,0.0041432,0.422486,0.0716932,0.451738,9,6.84597,0.311551
222,0.47558046437149715,0.840262,0.0859367,0.414453,31,0.00378605,0.648535,0.0469304,0.262844,27,3.37929,0.381138
223,0.32759540966106215,0.834055,0.0810949,0.383301,52,0.00271124,0.969498,0.0487319,0.102831,6,13.8762,0.220128
224,0.6377101681345076,0.802174,0.0259742,0.0361198,39,0.000165943,0.842234,0.0121021,0.0989329,78,11.4318,0.287381
225,0.38497464638377366,0.817996,0.0861074,0.0249191,53,0.00866641,0.226382,0.0619602,0.352141,43,6.45824,0.171964
226,0.573792367227115,0.863254,0.0506375,0.326503,22,0.00143081,0.0840397,0.0743957,0.425921,18,12.1689,0.098631
227,0.5788630904723779,0.86813,0.0103071,0.0821153,73,0.00460465,0.742703,0.0699835,0.201982,89,3.77584,0.0612807
228,0.5836669335468374,0.800963,0.0277733,0.18912,21,0.00755118,0.866362,0.0485928,0.36678,52,5.06054,0.103381
229,0.7215105417667467,0.845754,0.03916,0.471931,39,0.00424502,0.445893,0.0330013,0.396686,61,6.39013,0.280657
230,0.6107552708833734,0.853458,0.0581428,0.149488,76,0.00925086,0.313463,0.0358831,0.369677,53,4.75435,0.0460491
231,0.5896717373899119,0.855555,0.0185167,0.343386,36,0.00649898,0.830174,0.0306355,0.297342,34,3.31986,0.163155
232,0.6840138777688818,0.864894,0.0395535,0.143711,59,0.000222373,0.978671,0.0991024,0.281959,6,5.22396,0.0200957
233,0.7195089404857219,0.859863,0.0327162,0.0485258,11,0.00423226,0.920298,0.0351807,0.470661,47,4.58985,0.372921
234,0.10408326661329059,0.875081,0.0991613,0.410966,60,0.0038905,0.676331,0.0555901,0.368206,39,4.05877,0.242282
235,0.7329863891112891,0.832102,0.0199585,0.0941947,20,0.00197848,0.281952,0.0982386,0.335279,81,6.8732,0.397805
236,0.7163063784360821,0.809279,0.0159431,0.443322,62,0.00970405,0.0654275,0.0400145,0.286489,66,11.1149,0.258433
237,0.5723245262876968,0.802746,0.0217915,0.17595,28,0.00210575,0.549301,0.0398733,0.0459614,3,7.62155,0.0213851
238,0.6941553242594075,0.861776,0.0288348,0.432575,22,0.00255431,0.424844,0.0473965,0.126595,26,8.37777,0.254793
239,0.5581798772351214,0.836989,0.0693568,0.290584,81,0.00132027,0.0257153,0.0276794,0.391918,23,11.0549,0.232535
240,0.5294902588737657,0.809314,0.0697791,0.215559,13,0.00428788,0.505792,0.0776229,0.255269,36,11.6148,0.240826
241,0.6124899919935949,0.83813,0.0177514,0.18443,17,0.00888495,0.189095,0.0620476,0.275372,13,9.85714,0.172321
242,0.10408326661329059,0.867089,0.0952432,0.0986512,78,0.00479219,0.256594,0.0677447,0.468811,67,13.787,0.0946441
243,0.692420603149186,0.828138,0.0539449,0.181507,85,0.0024542,0.643578,0.0642526,0.124646,97,5.6503,0.0384616
244,0.5217507339204697,0.804912,0.0812075,0.334936,21,0.00933994,0.290598,0.0317548,0.0338482,98,7.12397,0.0691581
245,0.2930344275420337,0.863153,0.0844054,0.429789,54,0.00325282,0.724965,0.0725548,0.450234,99,14.9223,0.256588
246,0.29290098745663196,0.845201,0.088278,0.19068,67,0.00498491,0.244491,0.036812,0.249565,88,12.9913,0.165707
247,0.39404857219108624,0.828208,0.082223,0.0505218,63,0.00835772,0.755663,0.0997999,0.184918,16,3.52452,0.200681
248,0.6673338670936749,0.803541,0.0394146,0.0669412,90,0.00133017,0.0384431,0.0423329,0.239018,5,8.44257,0.183386
249,0.2938350680544436,0.87201,0.0626736,0.168868,52,0.00862211,0.420994,0.080191,0.340329,27,5.97347,0.136296
250,0.6465172137710169,0.862916,0.0369602,0.095584,3,0.000784903,0.204478,0.0290317,0.0679533,29,7.63317,0.0311683
251,0.39698425406992266,0.872777,0.0814953,0.377705,10,0.00939873,0.554431,0.09655,0.230602,76,10.4663,0.0601654
252,0.6011475847344543,0.822529,0.0335535,0.310863,16,0.00489533,0.60204,0.0391535,0.298517,89,3.9695,0.0589184
253,0.7112356551908193,0.86743,0.0193834,0.486842,70,0.00447569,0.161889,0.0993135,0.410871,44,3.47513,0.358188
254,0.5956765412329864,0.85341,0.0214354,0.204323,71,0.00977323,0.532571,0.0443761,0.138762,62,6.5205,0.128623
255,0.6176941553242594,0.855176,0.0191892,0.0402687,84,0.00552376,0.954291,0.051097,0.243656,70,12.2948,0.256437
256,0.459033893781692,0.819068,0.0685093,0.466321,76,0.0081091,0.717231,0.016487,0.280752,42,14.4926,0.215618
257,0.6810781958900454,0.830443,0.0408005,0.367384,41,0.00370308,0.0827914,0.0772167,0.156952,44,7.38828,0.125908
258,0.7207099012543368,0.828901,0.0468856,0.361777,60,0.00556928,0.729158,0.0793749,0.133281,20,6.58324,0.221771
259,0.5731251668001067,0.854378,0.0128825,0.235034,9,0.00597797,0.604602,0.0680132,0.0130968,16,4.6413,0.307567
260,0.6738724312783559,0.847328,0.013559,0.344392,58,0.000710211,0.680794,0.0740024,0.140294,98,14.0167,0.353051
261,0.7232452628769682,0.860036,0.0347803,0.411392,5,0.00509866,0.0206588,0.0537274,0.0748808,67,8.56747,0.395809
262,0.6399786495863358,0.822083,0.0656412,0.250248,52,0.00763992,0.0481381,0.0148986,0.0873748,61,10.38,0.0325449
263,0.6092874299439552,0.872276,0.024924,0.0450071,33,0.00754355,0.665921,0.0736009,0.168038,21,11.6318,0.180136
264,0.6051507872965038,0.842538,0.0171075,0.12914,56,0.00697527,0.0238776,0.0327817,0.359954,73,12.7209,0.0305944
265,0.5125433680277556,0.867008,0.065415,0.244411,30,0.00709799,0.312948,0.0840149,0.348469,77,12.1538,0.0866189
266,0.6673338670936749,0.802922,0.0203478,0.418866,89,0.00990187,0.910175,0.0356031,0.460125,37,4.68901,0.210092
267,0.6603949826527888,0.837305,0.0272337,0.421728,69,0.00675671,0.673422,0.0593119,0.406099,35,8.89955,0.175818
268,0.6082199092607419,0.833901,0.0210672,0.145521,26,0.00259122,0.513741,0.0531681,0.0190759,58,7.67734,0.236984
269,0.39338137176407795,0.86664,0.0701548,0.361171,99,0.00640199,0.655032,0.0998406,0.17186,74,13.8277,0.122606
270,0.3916466506538564,0.82916,0.0864383,0.158064,12,0.00868727,0.523933,0.0561042,0.312111,39,3.13876,0.0571395
271,0.6382439284761142,0.871082,0.0285398,0.0417751,23,0.00664754,0.13421,0.0814766,0.199042,19,10.145,0.2769
272,0.6350413664264745,0.807449,0.0266034,0.404178,76,0.00998557,0.21563,0.066663,0.00865095,56,14.8063,0.211805
273,0.39751801441152923,0.864269,0.0824274,0.202015,40,0.0031551,0.410588,0.078246,0.237301,66,10.4086,0.206284
274,0.7304510274886575,0.811135,0.0584381,0.225577,12,0.00963095,0.884798,0.0910396,0.237742,99,4.2734,0.149726
275,0.4568988524152655,0.868236,0.0630674,0.140091,48,0.00940835,0.91513,0.0724314,0.331412,18,12.8195,0.266159
276,0.6394448892447291,0.849443,0.0326752,0.0660089,83,0.00705182,0.941428,0.0326431,0.0629352,22,9.56718,0.295542
277,0.6170269548972511,0.847594,0.0603966,0.14247,33,0.00966017,0.692474,0.0644192,0.193407,35,8.70295,0.0354402
278,0.2951694689084601,0.805226,0.0881072,0.354255,73,0.00797466,0.703308,0.0579837,0.399269,66,4.94713,0.195807
279,0.644915932746197,0.814879,0.0835381,0.433835,14,0.000610781,0.0354538,0.0871577,0.307491,98,5.09003,0.189093
280,0.6980250867360556,0.813499,0.067666,0.442697,43,0.00515273,0.510102,0.060287,0.440448,71,11.2679,0.380028
281,0.6774753135842007,0.873394,0.051813,0.2137,43,0.000478994,0.396975,0.0765504,0.0374554,95,6.30256,0.0346165
282,0.6206298372030958,0.81027,0.0675333,0.327715,35,0.00547964,0.0165911,0.0843338,0.0481825,43,4.42476,0.316026
283,0.38630904723779025,0.855957,0.0854151,0.494333,38,0.00819839,0.100186,0.0217918,0.482887,47,11.7351,0.116511
284,0.6187616760074727,0.832694,0.0577403,0.400973,73,0.000793664,0.476695,0.0761292,0.43098,21,6.77021,0.160003
285,0.3903122497998399,0.879393,0.0759204,0.178823,20,0.00648713,0.784648,0.084639,0.176134,50,14.9608,0.378773
286,0.7814251401120896,0.827991,0.0442827,0.428055,94,0.0085403,0.117001,0.0926864,0.251816,78,14.5241,0.384078
287,0.7445956765412329,0.802279,0.0432857,0.167593,42,0.00714845,0.639727,0.0483262,0.0585956,6,9.65753,0.205262
288,0.5543101147584735,0.877406,0.0734312,0.112404,3,0.00748993,0.203279,0.0647846,0.3271,74,8.05395,0.225167
289,0.3837736856151588,0.82512,0.0939909,0.271679,60,0.000207988,0.394264,0.0749085,0.264089,6,13.8025,0.393463
290,0.289031224979984,0.819374,0.0907361,0.188198,77,0.00203102,0.718871,0.0412824,0.372606,46,9.94034,0.293999
291,0.6828129170002668,0.848879,0.0344446,0.31257,45,0.00433939,0.92469,0.0802094,0.146405,73,5.62105,0.0884912
292,0.6263677608753669,0.854722,0.0646381,0.12207,12,0.00865173,0.949172,0.0379085,0.118062,20,4.39662,0.219272
293,0.7205764611689351,0.813328,0.023643,0.310316,48,0.000591209,0.223458,0.0784673,0.136827,43,3.1927,0.148126
294,0.7379236722711502,0.815476,0.0615567,0.0602222,98,0.00638551,0.238237,0.0105379,0.0361486,43,5.42202,0.176503
295,0.27862289831865494,0.855383,0.0833034,0.154233,93,0.00481381,0.400158,0.0131569,0.358166,76,10.0983,0.365392
296,0.6355751267680811,0.843806,0.0136756,0.220302,7,0.00296414,0.403403,0.0649136,0.0958515,21,12.3285,0.209612
297,0.633306645316253,0.835933,0.0206525,0.342744,89,0.00395532,0.224055,0.0281185,0.188177,29,9.72972,0.287951
298,0.5934080597811582,0.870664,0.01206,0.248422,45,0.000897961,0.662782,0.0171538,0.143662,45,7.16469,0.391083
299,0.744995996797438,0.822645,0.0519696,0.11633,65,0.00280783,0.931333,0.0550244,0.0256542,63,10.7174,0.0105115
300,0.7008273285294903,0.806774,0.06276,0.100809,41,0.000956277,0.670597,0.0714303,0.0341253,13,10.3271,0.361318
301,0.3985855350947425,0.842297,0.0837604,0.325177,31,0.00221162,0.707857,0.0810329,0.317744,38,11.8729,0.193216
302,0.6637309847878303,0.842833,0.0554678,0.341196,12,0.00530305,0.545499,0.0869953,0.355473,30,5.87138,0.0960563
303,0.29423538831064855,0.804215,0.0803615,0.0357345,68,0.00485266,0.687494,0.0213726,0.06543,57,5.47041,0.0799048
304,0.6896183613557513,0.836945,0.0331071,0.116835,57,0.00879159,0.283866,0.0978628,0.275518,73,12.6605,0.308246
305,0.7147050974112623,0.858624,0.0452433,0.322969,35,0.000570547,0.337098,0.0479993,0.426967,23,12.9735,0.117959
306,0.5735254870563118,0.839303,0.030609,0.330728,38,0.00232395,0.619235,0.0216793,0.0516307,39,9.43296,0.0257384
307,0.43674939951961567,0.801421,0.0771744,0.199661,73,0.0062739,0.822803,0.0934033,0.221225,39,6.80055,0.171308
308,0.6765412329863891,0.809907,0.0163789,0.449057,75,0.00536633,0.122093,0.0387595,0.498771,5,8.28721,0.239801
309,0.7431278356018147,0.80327,0.0560602,0.397481,88,0.0089343,0.751986,0.0369398,0.0283378,20,9.02962,0.319063
310,0.10408326661329059,0.841467,0.0975956,0.265237,90,0.00762134,0.401572,0.0313101,0.0932976,80,8.21087,0.0144178
311,0.766613290632506,0.802401,0.0526493,0.171305,52,0.00267245,0.111011,0.072825,0.197158,14,7.22414,0.242936
312,0.38564184681078195,0.805108,0.0923687,0.00254565,87,0.0042035,0.698083,0.0806996,0.491851,17,3.63947,0.325584
313,0.7682145716573259,0.813898,0.0533044,0.291486,43,0.00846645,0.379966,0.0495158,0.0732923,97,9.31884,0.343232
314,0.7212436615959434,0.811245,0.031855,0.0467031,79,0.00257046,0.5955,0.0957902,0.0269557,72,5.51921,0.341488
315,0.7983720309580998,0.833613,0.05827,0.00383463,15,0.00524113,0.206094,0.0937237,0.432323,33,9.25706,0.299617
316,0.7048305310915399,0.8741,0.0356457,0.380391,83,0.00914501,0.504569,0.0898255,0.3649,85,11.6495,0.325949
317,0.6131571924206032,0.849784,0.0719346,0.113656,37,0.00677744,0.606385,0.0172701,0.323636,26,3.30569,0.328563
318,0.2933013077128369,0.872821,0.0761332,0.318423,97,0.00047476,0.66744,0.0159356,0.393996,14,12.5852,0.133329
319,0.6684013877768882,0.842973,0.0201208,0.0292575,52,0.00700116,0.322227,0.0925418,0.400544,11,9.1472,0.354212
320,0.6737389911929543,0.852507,0.0240597,0.354518,76,0.00171268,0.0132613,0.0525731,0.230504,35,14.6021,0.245748
321,0.6994929276754738,0.834133,0.0427259,0.0265745,31,0.000144463,0.791249,0.0562994,0.00529641,84,3.09304,0.330786
322,0.46490525753936485,0.874391,0.0842686,0.138028,6,0.00392101,0.695544,0.012338,0.0622446,59,7.75355,0.0579616
323,0.6238323992527355,0.859779,0.0589144,0.133395,35,0.00829038,0.119138,0.0278824,0.380538,26,3.58301,0.230418
324,0.6844141980250867,0.871845,0.0265422,0.135785,24,0.00672526,0.861999,0.0909803,0.125132,49,11.4863,0.261935
325,0.7038964504937284,0.830994,0.0169847,0.139533,63,0.000618667,0.292185,0.0527029,0.136582,62,7.52078,0.363063
326,0.3903122497998399,0.829715,0.0872262,0.153624,64,0.00840257,0.0571433,0.0967557,0.435981,10,9.37001,0.223353
327,0.7703496130237524,0.858838,0.0566568,0.483375,20,0.00313076,0.637283,0.0675128,0.142668,67,13.4186,0.35958
328,0.4697091006138244,0.869158,0.0659516,0.498851,39,0.00174724,0.715604,0.0244301,0.424069,99,3.81215,0.268649
329,0.5345609821190286,0.85938,0.0642424,0.325466,15,0.00951693,0.951178,0.0751685,0.231707,98,10.8442,0.191317
330,0.6390445689885241,0.802059,0.016834,0.0557842,40,0.00847757,0.511488,0.0623582,0.00146009,16,13.9079,0.0699719
331,0.3350680544435548,0.830663,0.0959951,0.247043,69,0.00024497,0.367743,0.0854492,0.0696336,99,4.88676,0.152764
332,0.6251668001067521,0.825991,0.0594593,0.480679,48,0.00962259,0.706127,0.0451154,0.28875,44,13.6066,0.104338
333,0.6399786495863358,0.813038,0.0410108,0.35603,6,0.00181749,0.0468855,0.0319293,0.390005,75,14.8119,0.0411251
334,0.19855884707766214,0.879088,0.0794215,0.00602154,75,0.00406591,0.434621,0.0143219,0.329226,50,3.24091,0.173415
335,0.4268748331998933,0.879689,0.0138756,0.236906,95,0.00860164,0.563117,0.0205035,0.00971898,77,3.92999,0.144688
336,0.7855617827595409,0.808998,0.0493069,0.194565,90,0.00758782,0.721036,0.0687647,0.163208,62,13.1229,0.367903
337,0.6685348278622898,0.837174,0.0302979,0.134741,85,0.00508105,0.258621,0.0125968,0.0671381,53,11.3536,0.28966
338,0.6463837736856152,0.820051,0.022687,0.148583,57,0.00870913,0.375539,0.0831707,0.015549,38,14.2196,0.226615
339,0.6614625033360022,0.806509,0.0253464,0.120646,67,0.00135968,0.463685,0.0382509,0.147984,61,11.5057,0.0755048
340,0.46570589805177476,0.824856,0.0731939,0.272464,75,0.00588095,0.631989,0.0901752,0.121171,54,5.36385,0.274052
341,0.5058713637576728,0.838457,0.0670504,0.0632104,66,0.00218982,0.627139,0.0702269,0.128051,78,3.15751,0.363805
342,0.7184414198025086,0.860799,0.0482405,0.0387794,25,0.00207433,0.0359747,0.0891213,0.0533662,27,14.8452,0.231544
343,0.2923672271150254,0.870367,0.0955613,0.00967703,28,0.00721118,0.535223,0.0346084,0.464463,77,3.26573,0.185078
344,0.3873765679210035,0.831095,0.086218,0.305335,44,0.00674434,0.0993242,0.0180268,0.327763,30,12.6435,0.0450184
345,0.6981585268214572,0.815229,0.0551253,0.011323,50,0.0021494,0.630012,0.0157151,0.394627,57,12.0048,0.269713
346,0.7288497464638377,0.807524,0.0375598,0.320857,41,0.00129458,0.351064,0.0288954,0.153245,33,9.78277,0.201509
347,0.6365092073658927,0.800267,0.0124444,0.233841,10,0.00790481,0.318042,0.0915678,0.3095,5,6.9698,0.138275
348,0.7034961302375233,0.810184,0.0372967,0.16657,29,0.00983006,0.518231,0.0532112,0.401718,18,7.27751,0.151243
349,0.30557779556978915,0.864688,0.0729957,0.358395,94,0.00701624,0.735912,0.0461372,0.044602,69,7.78732,0.0561419
350,0.374032559380838,0.834266,0.0943145,0.232726,98,0.000974619,0.919268,0.0491947,0.185914,94,5.13473,0.339307
351,0.10408326661329059,0.831792,0.097111,0.0744183,80,0.00593454,0.0265589,0.069046,0.466152,2,6.55932,0.0768168
352,0.689751801441153,0.861434,0.0363594,0.171769,27,0.00732752,0.863705,0.0671771,0.182505,9,8.11034,0.0844319
353,0.584601014144649,0.852114,0.0205822,0.406465,88,0.00789557,0.132926,0.0923413,0.389174,2,14.4651,0.112028
354,0.38150520416333067,0.809758,0.0984992,0.173145,83,0.000361599,0.357496,0.0137153,0.141172,69,13.4401,0.36452
355,0.6563917800907393,0.817212,0.0572814,0.217977,86,0.00463081,0.443273,0.0825345,0.111692,27,8.6299,0.360495
356,0.6949559647718175,0.849055,0.0529608,0.23806,78,0.00769334,0.749557,0.073771,0.119585,87,6.99043,0.266807
357,0.4835868694955965,0.854516,0.0132069,0.440514,24,0.00954702,0.876926,0.0616341,0.26671,96,10.6862,0.0293947
358,0.29210034694422204,0.829325,0.077426,0.29876,54,0.00612766,0.767851,0.0201158,0.408559,97,12.7497,0.0907908
359,0.396050173472111,0.877136,0.0866855,0.252463,89,0.000847876,0.0911616,0.0780777,0.352995,87,11.1447,0.0840325
360,0.685882038964505,0.836165,0.0644046,0.408247,16,0.00915838,0.086871,0.0355217,0.170396,12,12.2847,0.0679423
361,0.6406458500133441,0.85786,0.0183668,0.369141,59,0.00579166,0.128559,0.0445851,0.200694,73,11.8848,0.318445
362,0.6650653856418468,0.859297,0.0530695,0.151463,32,0.00546062,0.904054,0.0601983,0.130741,19,6.73151,0.265779
363,0.6920202828929811,0.816876,0.0399191,0.00167872,42,0.00365639,0.264292,0.040976,0.342251,12,8.97619,0.332713
364,0.6419802508673605,0.840135,0.013261,0.390141,23,0.00111291,0.12141,0.0159869,0.0414872,80,5.6089,0.115366
365,0.6313050440352281,0.800019,0.0162892,0.439083,70,0.000859434,0.783664,0.0145572,0.442583,35,10.854,0.342888
366,0.6832132372564719,0.838034,0.0666396,0.485481,9,0.00775239,0.408596,0.080519,0.449563,76,4.91031,0.174622
367,0.6011475847344543,0.874442,0.0311429,0.262913,51,0.00570785,0.821685,0.0396902,0.214011,54,13.5484,0.0524021
368,0.6386442487323192,0.850261,0.0465542,0.431898,86,0.00537731,0.936691,0.0814133,0.150179,47,13.6754,0.112544
369,0.8266613290632506,0.816106,0.0478766,0.144502,88,0.00174103,0.373303,0.0906607,0.273139,44,4.5771,0.274951
370,0.6733386709367494,0.845003,0.036627,0.417257,97,0.00458328,0.947982,0.0507068,0.092301,17,3.85713,0.0832837
371,0.20509741126234315,0.870987,0.0899329,0.0734494,92,0.00348226,0.650874,0.0484891,0.129806,40,13.9509,0.053877
372,0.4412863624232719,0.8767,0.0778261,0.0727074,37,0.00463646,0.164399,0.0271531,0.00758659,81,14.7401,0.263094
373,0.6980250867360556,0.856822,0.038095,0.473324,18,0.00560692,0.591479,0.0435419,0.418022,57,13.762,0.156247
374,0.28516146250333596,0.8576,0.0746635,0.295621,65,0.00541957,0.741059,0.0467356,0.261779,6,4.47033,0.327379
375,0.6752068321323725,0.862209,0.0340933,0.333962,56,0.00484565,0.868919,0.0346743,0.137927,87,4.16953,0.169915
376,0.7148385374966639,0.804057,0.0456874,0.0470058,17,0.00646358,0.468153,0.0956257,0.105099,64,10.4344,0.331473
377,0.8047771550573792,0.814202,0.0502987,0.0226639,29,0.00353915,0.958306,0.0968482,0.0899369,49,7.01174,0.366155
378,0.4902588737656792,0.864007,0.0768425,0.315215,91,0.000739299,0.97014,0.0418009,0.160977,74,6.01131,0.27758
379,0.3755004003202562,0.84433,0.0857092,0.0780915,21,0.00993388,0.714018,0.0462332,0.109256,60,3.10529,0.284073
380,0.6394448892447291,0.831934,0.0383153,0.051865,43,0.00186062,0.270922,0.0568202,0.250847,28,11.7117,0.0238298
381,0.5360288230584467,0.818626,0.078314,0.319907,62,0.00372258,0.908099,0.0933112,0.321039,37,13.2898,0.31353
382,0.5427008273285294,0.824289,0.0104181,0.0174927,51,0.00943097,0.519965,0.0227201,0.150806,44,6.54689,0.162697
383,0.6318388043768348,0.819952,0.0592628,0.304047,85,0.00253434,0.880744,0.0407918,0.144214,46,9.82336,0.0640444
384,0.5269548972511342,0.872395,0.0921979,0.17989,2,0.00164885,0.538206,0.0127339,0.305562,4,7.44657,0.325039
385,0.5290899386175607,0.871642,0.0149437,0.48741,60,0.00787022,0.93532,0.0798705,0.174546,93,11.001,0.250431
386,0.6382439284761142,0.85919,0.0187536,0.473017,67,0.00467632,0.543675,0.0342467,0.377177,96,8.91922,0.186931
387,0.6732052308513478,0.846151,0.0533974,0.241264,87,0.00318015,0.913253,0.0510035,0.0113752,21,9.92609,0.399911
388,0.3804376834801174,0.851871,0.0941672,0.164543,96,0.00980024,0.351514,0.0431657,0.457464,51,14.5038,0.291497
389,0.6156925540432345,0.824424,0.0499729,0.109543,47,0.00361029,0.00841769,0.0677919,0.308805,40,10.4611,0.0334775
390,0.6192954363490792,0.856006,0.0608322,0.493054,31,0.00494617,0.485289,0.0421327,0.157919,85,14.6635,0.387354
391,0.6662663464104617,0.820388,0.0212624,0.345583,76,0.00320637,0.20823,0.028513,0.0289614,9,3.33708,0.134248
392,0.5456365092073658,0.856564,0.0106392,0.111721,71,0.00671152,0.126953,0.0385898,0.307329,9,14.1532,0.149388
393,0.39685081398452093,0.876366,0.0808817,0.150318,5,0.00835473,0.762836,0.0812517,0.350438,48,9.69263,0.262466
394,0.6413130504403524,0.828992,0.0146353,0.284797,40,0.00614459,0.175074,0.0857165,0.47273,2,14.6192,0.226894
395,0.6140912730184147,0.850146,0.0587324,0.279042,58,0.00357339,0.176268,0.0222263,0.282681,59,7.05826,0.0295224
396,0.7690152121697358,0.818534,0.067417,0.41947,16,0.00227981,0.660124,0.068922,0.462085,41,13.5148,0.394339
397,0.5757939685081399,0.879674,0.0405797,0.235781,30,0.00140127,0.683911,0.0115668,0.102279,84,3.69868,0.169206
398,0.43381371764077925,0.817598,0.0818248,0.192324,41,0.00126446,0.87207,0.0148551,0.490799,92,13.1297,0.361917
399,0.592340539097945,0.856471,0.0140298,0.0908663,15,0.00192522,0.196535,0.0705371,0.253898,48,12.1238,0.0919127
400,0.7584734454230051,0.869908,0.0556781,0.465525,29,0.00818367,0.649488,0.0341167,0.0849372,83,12.4225,0.340203
401,0.5234854550306912,0.865609,0.0694659,0.132143,27,0.00823918,0.0433967,0.0108369,0.0910691,87,8.66014,0.154523
402,0.784360821990926,0.80862,0.0237211,0.35158,2,0.0033769,0.212043,0.0944458,0.365965,7,14.2051,0.22067
403,0.7499332799572992,0.829861,0.056593,0.00537015,81,0.00667647,0.0032593,0.0504274,0.268107,31,7.94505,0.259731
404,0.5531091539898585,0.832533,0.079778,0.211351,91,0.00631794,0.157515,0.0551812,0.374498,10,8.82047,0.376201
405,0.7432612756872164,0.85042,0.0233975,0.491872,66,0.00891844,0.428436,0.0938976,0.221764,54,13.7187,0.396528
406,0.6886842807579396,0.869501,0.0385267,0.415388,74,0.00823162,0.473281,0.0626483,0.404856,48,14.6732,0.24415
407,0.7277822257806246,0.85958,0.0470397,0.439489,15,0.00321118,0.599638,0.0567012,0.379338,67,9.30811,0.109735
408,0.6168935148118495,0.819306,0.0762682,0.196105,15,0.00895493,0.412316,0.0920465,0.0842064,97,8.17937,0.2497
409,0.45503069121964235,0.872508,0.0800017,0.104396,9,0.00118746,0.92373,0.0886137,0.0712117,58,11.1808,0.212469
410,0.4689084601014145,0.860282,0.072768,0.248797,49,0.00817488,0.894943,0.0833139,0.322222,11,6.03991,0.336994
411,0.5553776354416866,0.879031,0.0595603,0.478673,21,0.00897896,0.161525,0.0634365,0.179406,48,13.0798,0.384511
412,0.6148919135308246,0.806968,0.0275319,0.369759,100,0.00448478,0.414798,0.0580964,0.123067,58,3.39847,0.0424953
413,0.7574059247397918,0.826337,0.0610365,0.108539,28,0.00373531,0.378458,0.0117614,0.215754,91,10.1173,0.125174
414,0.6940218841740059,0.836567,0.0523386,0.0609517,8,0.00281326,0.0538984,0.0922088,0.249155,64,14.28,0.158815
415,0.7259140645850013,0.867237,0.0546667,0.229074,32,0.00119985,0.28877,0.0904704,0.0262043,94,6.21506,0.214912
416,0.7460635174806511,0.862864,0.0546224,0.189883,19,0.00852946,0.685218,0.0974216,0.294029,36,4.72281,0.254074
417,0.6822791566586602,0.852325,0.0371023,0.137337,21,0.00959866,0.382747,0.094407,0.488812,71,8.58178,0.159111
418,0.3908460101414465,0.825169,0.0852286,0.255732,5,0.00911712,0.882243,0.0241422,0.234099,41,9.60101,0.0276736
419,0.7247131038163864,0.837816,0.0522188,0.297592,48,0.00565919,0.181906,0.0668366,0.147362,15,14.0481,0.298294
420,0.7305844675740593,0.8257,0.0487663,0.294015,95,0.00738501,0.211313,0.0640479,0.301496,80,6.34837,0.344556
421,0.6825460368294636,0.853264,0.041341,0.499976,11,0.00306054,0.361236,0.0359864,0.15892,96,8.67837,0.182191
422,0.46904190018681613,0.849125,0.0791117,0.260146,34,0.00187315,0.369465,0.0374491,0.0746781,65,4.02534,0.271472
423,0.6474512943688284,0.873857,0.0320575,0.488852,27,0.00158782,0.0932935,0.0110401,0.443983,10,9.08553,0.137488
424,0.37843608219909264,0.801522,0.0826254,0.475443,32,0.00903191,0.0740517,0.0191848,0.0986106,93,3.87891,0.309701
425,0.7056311716039498,0.820295,0.0573787,0.429129,55,0.00292889,0.247269,0.0931356,0.10176,3,11.683,0.392311
426,0.3973845743261276,0.807177,0.0988664,0.49758,64,0.00199836,0.451569,0.0362586,0.336126,89,9.55019,0.0761665
427,0.6961569255404323,0.871397,0.0323317,0.0901736,97,0.00809721,0.815236,0.0212109,0.224761,72,3.72172,0.0789733
428,0.4220709901254337,0.863891,0.0126793,0.370385,93,0.00385644,0.983212,0.0196986,0.0721968,63,6.42858,0.120903
429,0.6543901788097144,0.847495,0.0179743,0.362608,72,0.000327525,0.33993,0.0746044,0.0837662,82,9.0212,0.0953799
430,0.6179610354950626,0.809447,0.0258218,0.387035,98,0.00795549,0.0761086,0.0763852,0.227072,91,13.2677,0.105614
431,0.6385108086469176,0.817828,0.0196255,0.424923,36,0.0034112,0.490346,0.0102702,0.175355,59,10.0353,0.21881
432,0.7447291166266347,0.807971,0.0528298,0.240223,77,0.000416748,0.692734,0.0198565,0.495968,69,8.25758,0.0279915
433,0.8069121964238057,0.822052,0.0475002,0.151802,10,0.00686527,0.901905,0.0861282,0.494078,7,7.92704,0.314462
434,0.484520950093408,0.815841,0.0927356,0.0855094,27,0.00204217,0.795273,0.0755321,0.293018,49,10.3658,0.0818465
435,0.6172938350680545,0.828551,0.0351321,0.202766,23,0.00437836,0.33923,0.0207157,0.313015,30,10.2973,0.0475322
436,0.6176941553242594,0.867946,0.0156499,0.280844,49,0.00288993,0.905116,0.0583658,0.195271,67,8.80058,0.260877
437,0.5350947424606352,0.848001,0.0731183,0.251158,24,0.00884481,0.796621,0.0231559,0.390255,35,10.9403,0.180915
438,0.28929810515078724,0.874925,0.0976627,0.0345542,9,0.00149018,0.555287,0.061737,0.226266,40,3.2333,0.0170614
439,0.4851881505204163,0.861742,0.0753562,0.185748,14,0.00323939,0.261335,0.052846,0.167364,55,10.8996,0.366688
440,0.4879903923138511,0.812115,0.0769704,0.359664,24,0.00692115,0.597758,0.0414749,0.384803,4,7.35978,0.252969
441,0.5337603416066186,0.821344,0.0668352,0.187049,51,0.00972487,0.479609,0.0185343,0.447092,32,12.7072,0.0974118
442,0.39551641313050445,0.841976,0.0986747,0.39887,25,0.00105745,0.734436,0.0375678,0.424447,88,8.2008,0.110493
443,0.4488924472911663,0.803455,0.0839986,0.159522,45,0.00330986,0.578585,0.0228706,0.104192,29,8.37276,0.312696
444,0.38564184681078195,0.831235,0.0969122,0.454489,46,0.00268797,0.239646,0.0717548,0.346095,6,8.0153,0.27242
445,0.3819055244195356,0.851598,0.0946059,0.125445,58,0.00559972,0.125174,0.0501515,0.428844,38,12.4543,0.292638
446,0.2941019482252468,0.800411,0.0839374,0.301046,42,0.00923208,0.502511,0.0576433,0.219299,76,8.48944,0.0803853
447,0.4653055777955698,0.873742,0.0684155,0.0167695,73,0.00832674,0.148555,0.0199248,0.489703,81,4.82152,0.0515145
448,0.4701094208700294,0.803755,0.092915,0.146528,8,0.00631368,0.801802,0.0546549,0.0178927,82,8.24097,0.0137143
449,0.6050173472111022,0.868628,0.0464787,0.0125832,80,0.000527056,0.466995,0.031004,0.403888,57,12.608,0.0227145
450,0.6423805711235655,0.807293,0.0279337,0.126299,45,0.00792433,0.219671,0.0248228,0.177237,66,6.12065,0.264751
451,0.6207632772884975,0.822854,0.0620697,0.0858392,49,0.00297795,0.746328,0.0823444,0.197964,50,12.5667,0.276586
452,0.7129703763010409,0.83601,0.0315353,0.123531,54,0.00152151,0.469085,0.0987498,0.203099,93,11.8386,0.351034
453,0.5663197224446224,0.851804,0.0158273,0.19811,62,0.00188935,0.898148,0.0142717,0.100496,51,10.2607,0.304334
454,0.7906325060048038,0.804799,0.0605686,0.156313,46,0.00276084,0.813088,0.0915045,0.257789,24,6.15149,0.251995
455,0.38337336535895383,0.876028,0.0670763,0.121078,77,0.00782791,0.185271,0.023528,0.438122,56,11.9884,0.330087
456,0.392981051507873,0.845574,0.075715,0.402969,76,0.00236666,0.566621,0.0428396,0.0884935,8,9.99115,0.0937123
457,0.19215372297838273,0.877753,0.0990234,0.444542,18,0.001693,0.89062,0.0222605,0.246834,77,5.2332,0.377674
458,0.7806244995996797,0.81314,0.0448227,0.0134153,62,0.00382101,0.53478,0.0790241,0.277695,7,11.4481,0.29877
459,0.6200960768614892,0.810767,0.0477346,0.182989,88,0.00882488,0.910494,0.068193,0.012186,24,12.4985,0.0555442
460,0.6319722444622364,0.869334,0.0189277,0.490351,13,0.00751463,0.55281,0.0273219,0.0187649,88,4.44487,0.176987
461,0.6374432879637043,0.849967,0.0388447,0.019486,9,0.00927763,0.297402,0.0625204,0.421669,15,10.6099,0.228355
462,0.3957832933013077,0.878411,0.0890987,0.224057,4,0.00235664,0.832558,0.048944,0.152101,94,9.20728,0.155298
463,0.6539898585535096,0.838336,0.0511612,0.266409,48,0.00577097,0.170923,0.0300424,0.439913,83,11.0206,0.131093
464,0.10408326661329059,0.873173,0.0983183,0.0569147,58,0.00996889,0.0718452,0.0352042,0.350135,33,12.8598,0.238155
465,0.4675740592473979,0.873586,0.07807,0.130572,16,0.00605596,0.275857,0.0853948,0.166217,71,11.7401,0.334598
466,0.566453162530024,0.86601,0.0223255,0.388726,97,0.000309985,0.399176,0.019383,0.357077,25,10.2928,0.117224
467,0.5834000533760342,0.852654,0.060748,0.301602,14,0.00742943,0.325236,0.0523495,0.0401864,58,4.74675,0.0468129
468,0.4675740592473979,0.851171,0.072465,0.252515,53,0.00418856,0.612771,0.0262792,0.358884,13,13.3249,0.0251081
469,0.6801441152922338,0.875849,0.0269976,0.0179994,94,0.00502177,0.82685,0.0611728,0.25661,75,10.8812,0.248316
470,0.7088337336535895,0.847907,0.0294159,0.131469,17,0.00329296,0.583163,0.0364704,0.00248442,58,7.26426,0.335927
471,0.7145716573258607,0.823067,0.050802,0.0423496,97,0.00974791,0.346348,0.05599,0.310412,52,10.7303,0.235688
472,0.5419001868161195,0.864391,0.0678555,0.393414,94,0.00902069,0.855828,0.0693728,0.444886,49,9.9672,0.223948
473,0.7260475046704029,0.80889,0.0291627,0.427127,78,0.00584419,0.495009,0.0935439,0.340055,12,4.84478,0.356345
474,0.6361088871096878,0.877907,0.0436227,0.127361,57,0.00644706,0.0581802,0.0164125,0.0574503,92,4.37019,0.231291
475,0.39751801441152923,0.815531,0.0890101,0.38771,89,0.00215922,0.488663,0.0402476,0.361767,8,12.6729,0.0375945
476,0.7504670402989058,0.860551,0.0440695,0.3644,67,0.00307242,0.301516,0.0708866,0.285453,31,14.3506,0.301997
477,0.3921804109954631,0.825793,0.0787282,0.302636,14,0.00416717,0.521546,0.0879883,0.315937,90,3.45234,0.14266
478,0.7296503869762476,0.81233,0.0461434,0.160168,92,0.00909348,0.831466,0.0247291,0.235481,17,8.85185,0.307063
479,0.20656525220176136,0.835635,0.0924796,0.107081,91,0.00264124,0.54802,0.0471355,0.21103,81,6.08148,0.0150455
480,0.5577795569789165,0.841198,0.0635046,0.253601,39,0.00830852,0.0609836,0.0298419,0.0891697,74,7.3435,0.147698
481,0.29717107018948496,0.863693,0.0898974,0.208109,80,0.00249129,0.171732,0.0498447,0.438572,84,8.0868,0.285914
482,0.596610621830798,0.858224,0.0240243,0.329853,51,0.00681701,0.772176,0.0816809,0.258723,86,14.4458,0.229496
483,0.6531892180410995,0.846791,0.0341576,0.379854,19,0.00564004,0.661855,0.0338806,0.173342,24,6.67725,0.101513
484,0.5824659727782227,0.805947,0.0336779,0.106303,30,0.00290531,0.728273,0.0274655,0.45635,77,12.1959,0.119924
485,0.753135842006939,0.802586,0.0561756,0.0749997,44,0.00179889,0.320584,0.0844437,0.305222,92,5.06901,0.228598
486,0.199759807846277,0.87923,0.0788679,0.481212,50,0.00652082,0.279908,0.0983929,0.398133,78,4.12648,0.200157
487,0.5524419535628503,0.84351,0.0230488,0.401989,86,0.00146638,0.974567,0.0819184,0.418639,62,9.89856,0.151141
488,0.6427808913797705,0.845913,0.0286596,0.224776,59,0.00453469,0.431498,0.0794865,0.114618,97,3.0184,0.128206
489,0.10408326661329059,0.869686,0.0957107,0.460106,83,0.00771227,0.36723,0.095175,0.0782546,53,4.53849,0.183993
490,0.4802508673605551,0.861958,0.0576135,0.280357,55,0.00433367,0.724394,0.0112954,0.496547,69,7.73177,0.0165636
491,0.19855884707766214,0.870829,0.0886406,0.450643,72,0.00430391,0.792566,0.0786253,0.169412,19,9.48271,0.283579
492,0.46704029890579135,0.834976,0.0887484,0.156778,7,0.00932619,0.429311,0.0466932,0.429807,81,8.46073,0.30389
493,0.7235121430477716,0.84106,0.0537449,0.413855,84,0.000639811,0.104793,0.0881726,0.120588,64,14.9012,0.0439248
494,0.7072324526287697,0.843127,0.0367176,0.0765385,56,0.00339664,0.0446253,0.0651828,0.478973,51,9.59431,0.179066
495,0.5926074192687483,0.876851,0.0261561,0.285783,3,0.00635333,0.557613,0.0751287,0.213472,11,13.6181,0.0454024
496,0.3909794502268481,0.858511,0.0779648,0.0896409,47,0.00155927,0.653186,0.0713109,0.3333,19,12.81,0.34973
497,0.4901254336802775,0.820543,0.0935042,0.0337457,11,0.00813419,0.625464,0.0513807,0.361028,85,9.87706,0.30951
498,0.38137176407792905,0.80812,0.0878093,0.278102,19,0.00716246,0.986189,0.0447827,0.0977304,20,14.567,0.259591
499,0.6922871630637843,0.818182,0.020828,0.245184,14,0.00103223,0.15402,0.0769608,0.29588,71,13.2268,0.350388
